{
"meta":{"test_sets":[],"test_metrics":[],"learn_metrics":[{"best_value":"Min","name":"RMSE"}],"launch_mode":"Train","parameters":"","iteration_count":1000,"learn_sets":["learn"],"name":"experiment"},
"iterations":[
{"learn":[2.273091803],"iteration":0,"passed_time":0.03576651963,"remaining_time":35.73075311},
{"learn":[2.194304165],"iteration":1,"passed_time":0.06256905267,"remaining_time":31.22195728},
{"learn":[2.122732226],"iteration":2,"passed_time":0.08871136009,"remaining_time":29.481742},
{"learn":[2.053098118],"iteration":3,"passed_time":0.1139536453,"remaining_time":28.37445767},
{"learn":[1.991733802],"iteration":4,"passed_time":0.1400523811,"remaining_time":27.87042383},
{"learn":[1.933651139],"iteration":5,"passed_time":0.1654223268,"remaining_time":27.40496547},
{"learn":[1.873843926],"iteration":6,"passed_time":0.1914142625,"remaining_time":27.15348038},
{"learn":[1.825547724],"iteration":7,"passed_time":0.2167540302,"remaining_time":26.87749974},
{"learn":[1.776409562],"iteration":8,"passed_time":0.2685197345,"remaining_time":29.56700632},
{"learn":[1.728997385],"iteration":9,"passed_time":0.3257033546,"remaining_time":32.2446321},
{"learn":[1.683687304],"iteration":10,"passed_time":0.3700175578,"remaining_time":33.26794225},
{"learn":[1.644306631],"iteration":11,"passed_time":0.4248481779,"remaining_time":34.97916665},
{"learn":[1.60732859],"iteration":12,"passed_time":0.4722876275,"remaining_time":35.85752987},
{"learn":[1.571449377],"iteration":13,"passed_time":0.5256274005,"remaining_time":37.01918692},
{"learn":[1.541056317],"iteration":14,"passed_time":0.5732689311,"remaining_time":37.64465981},
{"learn":[1.507799664],"iteration":15,"passed_time":0.6261903813,"remaining_time":38.51070845},
{"learn":[1.477641612],"iteration":16,"passed_time":0.677504305,"remaining_time":39.17569011},
{"learn":[1.451644896],"iteration":17,"passed_time":0.7311327604,"remaining_time":39.88735393},
{"learn":[1.425446071],"iteration":18,"passed_time":0.7825782707,"remaining_time":40.40575177},
{"learn":[1.401419161],"iteration":19,"passed_time":0.8365183152,"remaining_time":40.98939745},
{"learn":[1.379127528],"iteration":20,"passed_time":0.8874117927,"remaining_time":41.37029262},
{"learn":[1.357969039],"iteration":21,"passed_time":0.939837018,"remaining_time":41.78002744},
{"learn":[1.340041228],"iteration":22,"passed_time":0.9905372275,"remaining_time":42.07629875},
{"learn":[1.32145994],"iteration":23,"passed_time":1.039162519,"remaining_time":42.25927578},
{"learn":[1.30196704],"iteration":24,"passed_time":1.094319661,"remaining_time":42.67846678},
{"learn":[1.284926588],"iteration":25,"passed_time":1.148218013,"remaining_time":43.01401325},
{"learn":[1.269129966],"iteration":26,"passed_time":1.204974604,"remaining_time":43.42371445},
{"learn":[1.255306001],"iteration":27,"passed_time":1.258732484,"remaining_time":43.69599908},
{"learn":[1.240939537],"iteration":28,"passed_time":1.314312179,"remaining_time":44.00679744},
{"learn":[1.228630953],"iteration":29,"passed_time":1.371635325,"remaining_time":44.34954218},
{"learn":[1.217663455],"iteration":30,"passed_time":1.423463977,"remaining_time":44.49472883},
{"learn":[1.205380775],"iteration":31,"passed_time":1.475604488,"remaining_time":44.63703576},
{"learn":[1.192986243],"iteration":32,"passed_time":1.531595037,"remaining_time":44.88037579},
{"learn":[1.182841399],"iteration":33,"passed_time":1.578546777,"remaining_time":44.8492996},
{"learn":[1.174240444],"iteration":34,"passed_time":1.630666786,"remaining_time":44.9598128},
{"learn":[1.164099075],"iteration":35,"passed_time":1.679574585,"remaining_time":44.97527499},
{"learn":[1.153938565],"iteration":36,"passed_time":1.730970603,"remaining_time":45.05201866},
{"learn":[1.145647856],"iteration":37,"passed_time":1.785342066,"remaining_time":45.19734387},
{"learn":[1.136966112],"iteration":38,"passed_time":1.826207799,"remaining_time":44.9996332},
{"learn":[1.129677629],"iteration":39,"passed_time":1.869287394,"remaining_time":44.86289746},
{"learn":[1.122040623],"iteration":40,"passed_time":1.926513311,"remaining_time":45.06161624},
{"learn":[1.115597642],"iteration":41,"passed_time":1.988919129,"remaining_time":45.36629822},
{"learn":[1.109650829],"iteration":42,"passed_time":2.041394381,"remaining_time":45.43289354},
{"learn":[1.10404495],"iteration":43,"passed_time":2.092274,"remaining_time":45.45940782},
{"learn":[1.098174029],"iteration":44,"passed_time":2.143590406,"remaining_time":45.49175196},
{"learn":[1.092584559],"iteration":45,"passed_time":2.195744853,"remaining_time":45.5378389},
{"learn":[1.086642747],"iteration":46,"passed_time":2.249123641,"remaining_time":45.60457085},
{"learn":[1.082241847],"iteration":47,"passed_time":2.301492213,"remaining_time":45.64626223},
{"learn":[1.077088717],"iteration":48,"passed_time":2.348712566,"remaining_time":45.58419694},
{"learn":[1.073180708],"iteration":49,"passed_time":2.414025087,"remaining_time":45.86647665},
{"learn":[1.06879136],"iteration":50,"passed_time":2.465198229,"remaining_time":45.87202194},
{"learn":[1.063401487],"iteration":51,"passed_time":2.518293639,"remaining_time":45.91043019},
{"learn":[1.059367833],"iteration":52,"passed_time":2.571423984,"remaining_time":45.94600968},
{"learn":[1.055228766],"iteration":53,"passed_time":2.625760484,"remaining_time":45.99943367},
{"learn":[1.051595031],"iteration":54,"passed_time":2.681156633,"remaining_time":46.06714579},
{"learn":[1.048304201],"iteration":55,"passed_time":2.730939607,"remaining_time":46.0358391},
{"learn":[1.045832329],"iteration":56,"passed_time":2.785035493,"remaining_time":46.07523632},
{"learn":[1.041656615],"iteration":57,"passed_time":2.843707067,"remaining_time":46.18572512},
{"learn":[1.037524771],"iteration":58,"passed_time":2.901590126,"remaining_time":46.27790354},
{"learn":[1.034257648],"iteration":59,"passed_time":2.949327464,"remaining_time":46.20613027},
{"learn":[1.031047407],"iteration":60,"passed_time":3.004378558,"remaining_time":46.24772894},
{"learn":[1.027472491],"iteration":61,"passed_time":3.049009462,"remaining_time":46.12856251},
{"learn":[1.025193906],"iteration":62,"passed_time":3.100106576,"remaining_time":46.10793431},
{"learn":[1.022061254],"iteration":63,"passed_time":3.150892614,"remaining_time":46.08180448},
{"learn":[1.01982567],"iteration":64,"passed_time":3.205388329,"remaining_time":46.10827827},
{"learn":[1.017018974],"iteration":65,"passed_time":3.251232633,"remaining_time":46.00986786},
{"learn":[1.014402154],"iteration":66,"passed_time":3.305486351,"remaining_time":46.03013082},
{"learn":[1.011553912],"iteration":67,"passed_time":3.356533538,"remaining_time":46.00425378},
{"learn":[1.008976282],"iteration":68,"passed_time":3.409535064,"remaining_time":46.00401658},
{"learn":[1.006447534],"iteration":69,"passed_time":3.466924313,"remaining_time":46.06056587},
{"learn":[1.00435711],"iteration":70,"passed_time":3.507890097,"remaining_time":45.89901268},
{"learn":[1.001955257],"iteration":71,"passed_time":3.556039037,"remaining_time":45.83339204},
{"learn":[0.9990232558],"iteration":72,"passed_time":3.595514331,"remaining_time":45.65810665},
{"learn":[0.9963927047],"iteration":73,"passed_time":3.644151657,"remaining_time":45.601141},
{"learn":[0.9947407099],"iteration":74,"passed_time":3.696967888,"remaining_time":45.59593728},
{"learn":[0.9922786978],"iteration":75,"passed_time":3.748741288,"remaining_time":45.57680197},
{"learn":[0.9900575781],"iteration":76,"passed_time":3.806807458,"remaining_time":45.63225043},
{"learn":[0.987479418],"iteration":77,"passed_time":3.855475038,"remaining_time":45.57369212},
{"learn":[0.9852420168],"iteration":78,"passed_time":3.907408466,"remaining_time":45.55345819},
{"learn":[0.983061236],"iteration":79,"passed_time":3.960793644,"remaining_time":45.54912691},
{"learn":[0.9813467286],"iteration":80,"passed_time":4.010512797,"remaining_time":45.50199087},
{"learn":[0.9792604878],"iteration":81,"passed_time":4.062864965,"remaining_time":45.48426876},
{"learn":[0.9781242722],"iteration":82,"passed_time":4.117895433,"remaining_time":45.49530255},
{"learn":[0.9764909431],"iteration":83,"passed_time":4.171251887,"remaining_time":45.48650868},
{"learn":[0.9748742501],"iteration":84,"passed_time":4.223863586,"remaining_time":45.46864919},
{"learn":[0.9732921443],"iteration":85,"passed_time":4.277076189,"remaining_time":45.45636787},
{"learn":[0.9720753852],"iteration":86,"passed_time":4.332392972,"remaining_time":45.46522739},
{"learn":[0.9707258524],"iteration":87,"passed_time":4.382091183,"remaining_time":45.41439954},
{"learn":[0.9690551875],"iteration":88,"passed_time":4.43208087,"remaining_time":45.36658059},
{"learn":[0.9673682019],"iteration":89,"passed_time":4.484950251,"remaining_time":45.34783031},
{"learn":[0.9661034639],"iteration":90,"passed_time":4.538038076,"remaining_time":45.33051221},
{"learn":[0.9649789227],"iteration":91,"passed_time":4.59423232,"remaining_time":45.34307551},
{"learn":[0.9633448557],"iteration":92,"passed_time":4.645217906,"remaining_time":45.30336173},
{"learn":[0.9615607002],"iteration":93,"passed_time":4.696420437,"remaining_time":45.2654991},
{"learn":[0.9598566691],"iteration":94,"passed_time":4.7483514,"remaining_time":45.23429492},
{"learn":[0.958340287],"iteration":95,"passed_time":4.798576012,"remaining_time":45.18659078},
{"learn":[0.9571392149],"iteration":96,"passed_time":4.848421099,"remaining_time":45.13530158},
{"learn":[0.9551423833],"iteration":97,"passed_time":4.899921812,"remaining_time":45.09928036},
{"learn":[0.9537998254],"iteration":98,"passed_time":4.951369334,"remaining_time":45.06246233},
{"learn":[0.952544024],"iteration":99,"passed_time":5.003372754,"remaining_time":45.03035478},
{"learn":[0.9505263493],"iteration":100,"passed_time":5.052472736,"remaining_time":44.9720098},
{"learn":[0.949660335],"iteration":101,"passed_time":5.102757794,"remaining_time":44.9242794},
{"learn":[0.9481762892],"iteration":102,"passed_time":5.153984715,"remaining_time":44.88470184},
{"learn":[0.9474978769],"iteration":103,"passed_time":5.204443323,"remaining_time":44.83828094},
{"learn":[0.946449828],"iteration":104,"passed_time":5.256608666,"remaining_time":44.80633101},
{"learn":[0.9450963446],"iteration":105,"passed_time":5.309052463,"remaining_time":44.77634813},
{"learn":[0.9434973877],"iteration":106,"passed_time":5.361215041,"remaining_time":44.74359842},
{"learn":[0.9419568828],"iteration":107,"passed_time":5.412552397,"remaining_time":44.7036735},
{"learn":[0.9401743231],"iteration":108,"passed_time":5.465913139,"remaining_time":44.68007896},
{"learn":[0.9389938705],"iteration":109,"passed_time":5.51737488,"remaining_time":44.64057857},
{"learn":[0.9373854517],"iteration":110,"passed_time":5.575378893,"remaining_time":44.65325978},
{"learn":[0.9363897002],"iteration":111,"passed_time":5.628890632,"remaining_time":44.62906144},
{"learn":[0.9348803151],"iteration":112,"passed_time":5.667432022,"remaining_time":44.48683366},
{"learn":[0.9333322367],"iteration":113,"passed_time":5.720457742,"remaining_time":44.45899613},
{"learn":[0.9322415428],"iteration":114,"passed_time":5.771347845,"remaining_time":44.41428559},
{"learn":[0.9298200137],"iteration":115,"passed_time":5.824766883,"remaining_time":44.38874073},
{"learn":[0.928117873],"iteration":116,"passed_time":5.874953483,"remaining_time":44.33832415},
{"learn":[0.9270209724],"iteration":117,"passed_time":5.926729795,"remaining_time":44.29979389},
{"learn":[0.9254751086],"iteration":118,"passed_time":5.98048964,"remaining_time":44.27572583},
{"learn":[0.9245722373],"iteration":119,"passed_time":6.033523812,"remaining_time":44.24584129},
{"learn":[0.9235952498],"iteration":120,"passed_time":6.078850601,"remaining_time":44.15958412},
{"learn":[0.9218370788],"iteration":121,"passed_time":6.137776773,"remaining_time":44.17186891},
{"learn":[0.920533091],"iteration":122,"passed_time":6.19149457,"remaining_time":44.14585966},
{"learn":[0.9199122657],"iteration":123,"passed_time":6.243233855,"remaining_time":44.10542627},
{"learn":[0.9188362094],"iteration":124,"passed_time":6.295390577,"remaining_time":44.06773404},
{"learn":[0.9175207865],"iteration":125,"passed_time":6.341259352,"remaining_time":43.98619582},
{"learn":[0.9158394993],"iteration":126,"passed_time":6.395941641,"remaining_time":43.96580356},
{"learn":[0.9149349312],"iteration":127,"passed_time":6.447488905,"remaining_time":43.92351817},
{"learn":[0.9136941483],"iteration":128,"passed_time":6.496372698,"remaining_time":43.86310558},
{"learn":[0.9118668148],"iteration":129,"passed_time":6.552454195,"remaining_time":43.85103961},
{"learn":[0.9105519814],"iteration":130,"passed_time":6.602807226,"remaining_time":43.80030137},
{"learn":[0.9090666889],"iteration":131,"passed_time":6.656997971,"remaining_time":43.77480484},
{"learn":[0.9073503512],"iteration":132,"passed_time":6.711887926,"remaining_time":43.75343482},
{"learn":[0.906841307],"iteration":133,"passed_time":6.765197944,"remaining_time":43.72135388},
{"learn":[0.9051333652],"iteration":134,"passed_time":6.794779547,"remaining_time":43.5369208},
{"learn":[0.9039245215],"iteration":135,"passed_time":6.81984495,"remaining_time":43.3260738},
{"learn":[0.9030827237],"iteration":136,"passed_time":6.844524532,"remaining_time":43.11550855},
{"learn":[0.9013900278],"iteration":137,"passed_time":6.869255039,"remaining_time":42.90795539},
{"learn":[0.9002280147],"iteration":138,"passed_time":6.894939664,"remaining_time":42.70894281},
{"learn":[0.8994507859],"iteration":139,"passed_time":6.920143154,"remaining_time":42.50945081},
{"learn":[0.8984907752],"iteration":140,"passed_time":6.944957328,"remaining_time":42.31005918},
{"learn":[0.8973734246],"iteration":141,"passed_time":6.970536771,"remaining_time":42.11775035},
{"learn":[0.896183344],"iteration":142,"passed_time":6.996074342,"remaining_time":41.92752245},
{"learn":[0.8955736242],"iteration":143,"passed_time":7.021112927,"remaining_time":41.73661573},
{"learn":[0.8937340996],"iteration":144,"passed_time":7.046895776,"remaining_time":41.55238544},
{"learn":[0.8925104592],"iteration":145,"passed_time":7.072190004,"remaining_time":41.36746756},
{"learn":[0.8914109443],"iteration":146,"passed_time":7.096840188,"remaining_time":41.18098422},
{"learn":[0.8899778171],"iteration":147,"passed_time":7.123188091,"remaining_time":41.00646117},
{"learn":[0.8888995593],"iteration":148,"passed_time":7.148099273,"remaining_time":40.82572135},
{"learn":[0.8876567128],"iteration":149,"passed_time":7.173600965,"remaining_time":40.65040547},
{"learn":[0.886890524],"iteration":150,"passed_time":7.199023892,"remaining_time":40.47663102},
{"learn":[0.8865579141],"iteration":151,"passed_time":7.223388885,"remaining_time":40.29890641},
{"learn":[0.8846924262],"iteration":152,"passed_time":7.248838026,"remaining_time":40.12918829},
{"learn":[0.8833768592],"iteration":153,"passed_time":7.27439084,"remaining_time":39.96191332},
{"learn":[0.8824291718],"iteration":154,"passed_time":7.299376597,"remaining_time":39.79337564},
{"learn":[0.8812099188],"iteration":155,"passed_time":7.333663531,"remaining_time":39.67700013},
{"learn":[0.8798197887],"iteration":156,"passed_time":7.359394732,"remaining_time":39.51573095},
{"learn":[0.8782690637],"iteration":157,"passed_time":7.385668656,"remaining_time":39.35906968},
{"learn":[0.8769541447],"iteration":158,"passed_time":7.411384412,"remaining_time":39.20109616},
{"learn":[0.8759872543],"iteration":159,"passed_time":7.437241662,"remaining_time":39.04551872},
{"learn":[0.87507256],"iteration":160,"passed_time":7.462369218,"remaining_time":38.88775015},
{"learn":[0.8734264156],"iteration":161,"passed_time":7.489505937,"remaining_time":38.74201219},
{"learn":[0.8720864041],"iteration":162,"passed_time":7.514759675,"remaining_time":38.58806042},
{"learn":[0.8715791417],"iteration":163,"passed_time":7.541555939,"remaining_time":38.44354125},
{"learn":[0.870296848],"iteration":164,"passed_time":7.566701331,"remaining_time":38.29209462},
{"learn":[0.8691881928],"iteration":165,"passed_time":7.591535351,"remaining_time":38.14060532},
{"learn":[0.8681351043],"iteration":166,"passed_time":7.626621827,"remaining_time":38.04177235},
{"learn":[0.8669363001],"iteration":167,"passed_time":7.658512716,"remaining_time":37.9278725},
{"learn":[0.8657454805],"iteration":168,"passed_time":7.683987348,"remaining_time":37.78339341},
{"learn":[0.8643795865],"iteration":169,"passed_time":7.709690393,"remaining_time":37.64142957},
{"learn":[0.8638030059],"iteration":170,"passed_time":7.7350506,"remaining_time":37.49916343},
{"learn":[0.862852926],"iteration":171,"passed_time":7.760650566,"remaining_time":37.35941086},
{"learn":[0.8618159073],"iteration":172,"passed_time":7.785831195,"remaining_time":37.2189734},
{"learn":[0.8610555232],"iteration":173,"passed_time":7.810438661,"remaining_time":37.07713985},
{"learn":[0.8605816607],"iteration":174,"passed_time":7.835273575,"remaining_time":36.93771828},
{"learn":[0.8596552077],"iteration":175,"passed_time":7.861868671,"remaining_time":36.80783969},
{"learn":[0.8587898193],"iteration":176,"passed_time":7.886246568,"remaining_time":36.66881879},
{"learn":[0.8569721365],"iteration":177,"passed_time":7.913969271,"remaining_time":36.54653225},
{"learn":[0.856178206],"iteration":178,"passed_time":7.938938361,"remaining_time":36.41267259},
{"learn":[0.8547033177],"iteration":179,"passed_time":7.964643939,"remaining_time":36.28337794},
{"learn":[0.8533661754],"iteration":180,"passed_time":7.990558567,"remaining_time":36.15617385},
{"learn":[0.8520584364],"iteration":181,"passed_time":8.016207524,"remaining_time":36.02888876},
{"learn":[0.8503454317],"iteration":182,"passed_time":8.041748907,"remaining_time":35.90223419},
{"learn":[0.8492157663],"iteration":183,"passed_time":8.066692522,"remaining_time":35.77402771},
{"learn":[0.8477573645],"iteration":184,"passed_time":8.093263003,"remaining_time":35.65410458},
{"learn":[0.8471700944],"iteration":185,"passed_time":8.118158524,"remaining_time":35.52785505},
{"learn":[0.8467535934],"iteration":186,"passed_time":8.14338206,"remaining_time":35.40411559},
{"learn":[0.8457145034],"iteration":187,"passed_time":8.168590502,"remaining_time":35.28135898},
{"learn":[0.844908679],"iteration":188,"passed_time":8.193529413,"remaining_time":35.15847806},
{"learn":[0.8435476003],"iteration":189,"passed_time":8.220053476,"remaining_time":35.04338587},
{"learn":[0.841809096],"iteration":190,"passed_time":8.245120371,"remaining_time":34.92304911},
{"learn":[0.8414289716],"iteration":191,"passed_time":8.2695229,"remaining_time":34.80090887},
{"learn":[0.8411220654],"iteration":192,"passed_time":8.293439736,"remaining_time":34.67775061},
{"learn":[0.8400433484],"iteration":193,"passed_time":8.318607224,"remaining_time":34.56081145},
{"learn":[0.8390544998],"iteration":194,"passed_time":8.343061496,"remaining_time":34.44186925},
{"learn":[0.8375487092],"iteration":195,"passed_time":8.368600106,"remaining_time":34.32833921},
{"learn":[0.8364545621],"iteration":196,"passed_time":8.40372496,"remaining_time":34.25477737},
{"learn":[0.8349757195],"iteration":197,"passed_time":8.429197633,"remaining_time":34.14250758},
{"learn":[0.8330271268],"iteration":198,"passed_time":8.456814768,"remaining_time":34.03974185},
{"learn":[0.8316592122],"iteration":199,"passed_time":8.482296456,"remaining_time":33.92918582},
{"learn":[0.8308681085],"iteration":200,"passed_time":8.509896164,"remaining_time":33.8278957},
{"learn":[0.8292297222],"iteration":201,"passed_time":8.53563022,"remaining_time":33.71996493},
{"learn":[0.8284917543],"iteration":202,"passed_time":8.560515869,"remaining_time":33.60951304},
{"learn":[0.8282442994],"iteration":203,"passed_time":8.585014245,"remaining_time":33.49838892},
{"learn":[0.8271358176],"iteration":204,"passed_time":8.610539404,"remaining_time":33.39209184},
{"learn":[0.8260081572],"iteration":205,"passed_time":8.650982644,"remaining_time":33.34407874},
{"learn":[0.8249351569],"iteration":206,"passed_time":8.676092503,"remaining_time":33.23739785},
{"learn":[0.8236316701],"iteration":207,"passed_time":8.70176198,"remaining_time":33.13363216},
{"learn":[0.8228298345],"iteration":208,"passed_time":8.726604296,"remaining_time":33.02748324},
{"learn":[0.8219372946],"iteration":209,"passed_time":8.754848467,"remaining_time":32.93490614},
{"learn":[0.8215833973],"iteration":210,"passed_time":8.780479681,"remaining_time":32.8331681},
{"learn":[0.8202891975],"iteration":211,"passed_time":8.805695445,"remaining_time":32.73060382},
{"learn":[0.8196513975],"iteration":212,"passed_time":8.830093694,"remaining_time":32.62574524},
{"learn":[0.8183549294],"iteration":213,"passed_time":8.855651961,"remaining_time":32.52589926},
{"learn":[0.8170642618],"iteration":214,"passed_time":8.881170907,"remaining_time":32.42660075},
{"learn":[0.8156357526],"iteration":215,"passed_time":8.908687812,"remaining_time":32.33523724},
{"learn":[0.8153891711],"iteration":216,"passed_time":8.933633257,"remaining_time":32.2351836},
{"learn":[0.8146424057],"iteration":217,"passed_time":8.959139964,"remaining_time":32.13783235},
{"learn":[0.8137537314],"iteration":218,"passed_time":8.984711459,"remaining_time":32.04136826},
{"learn":[0.8127554506],"iteration":219,"passed_time":9.010630473,"remaining_time":31.94678077},
{"learn":[0.8120284188],"iteration":220,"passed_time":9.035840901,"remaining_time":31.85031702},
{"learn":[0.8106810934],"iteration":221,"passed_time":9.063702915,"remaining_time":31.76378769},
{"learn":[0.8103525694],"iteration":222,"passed_time":9.088303244,"remaining_time":31.66641982},
{"learn":[0.8097077654],"iteration":223,"passed_time":9.11393729,"remaining_time":31.57328275},
{"learn":[0.8085849967],"iteration":224,"passed_time":9.139722703,"remaining_time":31.48126709},
{"learn":[0.8074717341],"iteration":225,"passed_time":9.16597677,"remaining_time":31.39144257},
{"learn":[0.8057506571],"iteration":226,"passed_time":9.192557989,"remaining_time":31.30329218},
{"learn":[0.8045443111],"iteration":227,"passed_time":9.218894593,"remaining_time":31.21485362},
{"learn":[0.8030025677],"iteration":228,"passed_time":9.244497698,"remaining_time":31.12448788},
{"learn":[0.8020173229],"iteration":229,"passed_time":9.270409415,"remaining_time":31.03571848},
{"learn":[0.8008058711],"iteration":230,"passed_time":9.295711102,"remaining_time":30.9454625},
{"learn":[0.8002724931],"iteration":231,"passed_time":9.321408362,"remaining_time":30.85707596},
{"learn":[0.7992886962],"iteration":232,"passed_time":9.347616916,"remaining_time":30.77091062},
{"learn":[0.7991753183],"iteration":233,"passed_time":9.37303894,"remaining_time":30.68268303},
{"learn":[0.7982714501],"iteration":234,"passed_time":9.399354208,"remaining_time":30.59789774},
{"learn":[0.79708629],"iteration":235,"passed_time":9.424669831,"remaining_time":30.51037183},
{"learn":[0.796246892],"iteration":236,"passed_time":9.451739833,"remaining_time":30.42901896},
{"learn":[0.7953580796],"iteration":237,"passed_time":9.476764401,"remaining_time":30.34157342},
{"learn":[0.7944459974],"iteration":238,"passed_time":9.505700957,"remaining_time":30.26710639},
{"learn":[0.7933507686],"iteration":239,"passed_time":9.531222792,"remaining_time":30.18220551},
{"learn":[0.7925720539],"iteration":240,"passed_time":9.556441514,"remaining_time":30.09684278},
{"learn":[0.7919430657],"iteration":241,"passed_time":9.581236302,"remaining_time":30.01064924},
{"learn":[0.7909229025],"iteration":242,"passed_time":9.60630623,"remaining_time":29.92581817},
{"learn":[0.7900013496],"iteration":243,"passed_time":9.650566627,"remaining_time":29.90093594},
{"learn":[0.7887729974],"iteration":244,"passed_time":9.677576471,"remaining_time":29.82273566},
{"learn":[0.7874797476],"iteration":245,"passed_time":9.706339153,"remaining_time":29.75032407},
{"learn":[0.7865416488],"iteration":246,"passed_time":9.732685332,"remaining_time":29.67089901},
{"learn":[0.7859071861],"iteration":247,"passed_time":9.758093868,"remaining_time":29.58905883},
{"learn":[0.7852388404],"iteration":248,"passed_time":9.783618743,"remaining_time":29.50802279},
{"learn":[0.784670494],"iteration":249,"passed_time":9.808112317,"remaining_time":29.42433695},
{"learn":[0.7838561559],"iteration":250,"passed_time":9.832833798,"remaining_time":29.34180285},
{"learn":[0.7826021413],"iteration":251,"passed_time":9.858933254,"remaining_time":29.26381775},
{"learn":[0.7824553568],"iteration":252,"passed_time":9.883148163,"remaining_time":29.18067857},
{"learn":[0.7816822578],"iteration":253,"passed_time":9.90866168,"remaining_time":29.10181737},
{"learn":[0.7815452954],"iteration":254,"passed_time":9.933273162,"remaining_time":29.02073924},
{"learn":[0.7806791194],"iteration":255,"passed_time":9.958919686,"remaining_time":28.94311034},
{"learn":[0.7795629732],"iteration":256,"passed_time":9.984457918,"remaining_time":28.86557289},
{"learn":[0.7783750963],"iteration":257,"passed_time":10.01036245,"remaining_time":28.789492},
{"learn":[0.7773542549],"iteration":258,"passed_time":10.03769906,"remaining_time":28.71789578},
{"learn":[0.777220385],"iteration":259,"passed_time":10.06227591,"remaining_time":28.63878528},
{"learn":[0.7759995328],"iteration":260,"passed_time":10.09621469,"remaining_time":28.58660021},
{"learn":[0.7752000544],"iteration":261,"passed_time":10.12225267,"remaining_time":28.51229949},
{"learn":[0.7741771981],"iteration":262,"passed_time":10.14901406,"remaining_time":28.44039302},
{"learn":[0.7734084462],"iteration":263,"passed_time":10.17409149,"remaining_time":28.36413385},
{"learn":[0.7725497932],"iteration":264,"passed_time":10.19989254,"remaining_time":28.29026797},
{"learn":[0.7717718075],"iteration":265,"passed_time":10.22632673,"remaining_time":28.21851061},
{"learn":[0.7704339967],"iteration":266,"passed_time":10.25241307,"remaining_time":28.14613775},
{"learn":[0.7698149663],"iteration":267,"passed_time":10.27718361,"remaining_time":28.07051644},
{"learn":[0.7688491949],"iteration":268,"passed_time":10.30262212,"remaining_time":27.99708835},
{"learn":[0.7686466972],"iteration":269,"passed_time":10.32708876,"remaining_time":27.92138812},
{"learn":[0.767468677],"iteration":270,"passed_time":10.35378688,"remaining_time":27.85206878},
{"learn":[0.7667117647],"iteration":271,"passed_time":10.37916448,"remaining_time":27.77952846},
{"learn":[0.765748587],"iteration":272,"passed_time":10.40438814,"remaining_time":27.70692373},
{"learn":[0.7646794997],"iteration":273,"passed_time":10.43180844,"remaining_time":27.64048513},
{"learn":[0.7638780031],"iteration":274,"passed_time":10.45654905,"remaining_time":27.56726567},
{"learn":[0.76296488],"iteration":275,"passed_time":10.4957755,"remaining_time":27.5323966},
{"learn":[0.7620229035],"iteration":276,"passed_time":10.52165355,"remaining_time":27.46265529},
{"learn":[0.7615421517],"iteration":277,"passed_time":10.54565757,"remaining_time":27.38836246},
{"learn":[0.7607318623],"iteration":278,"passed_time":10.57260284,"remaining_time":27.32203099},
{"learn":[0.7599698857],"iteration":279,"passed_time":10.59792939,"remaining_time":27.25181842},
{"learn":[0.7588460562],"iteration":280,"passed_time":10.62992739,"remaining_time":27.19899571},
{"learn":[0.7579557761],"iteration":281,"passed_time":10.66537781,"remaining_time":27.15511089},
{"learn":[0.7568026431],"iteration":282,"passed_time":10.69119273,"remaining_time":27.08687345},
{"learn":[0.7554861412],"iteration":283,"passed_time":10.71645152,"remaining_time":27.0175327},
{"learn":[0.7548484471],"iteration":284,"passed_time":10.74134631,"remaining_time":26.9475881},
{"learn":[0.7540378312],"iteration":285,"passed_time":10.76676889,"remaining_time":26.87927617},
{"learn":[0.7530625412],"iteration":286,"passed_time":10.79460468,"remaining_time":26.81725831},
{"learn":[0.7525819099],"iteration":287,"passed_time":10.81950636,"remaining_time":26.74822406},
{"learn":[0.7525065743],"iteration":288,"passed_time":10.84615685,"remaining_time":26.68379764},
{"learn":[0.7524105209],"iteration":289,"passed_time":10.87121725,"remaining_time":26.61573878},
{"learn":[0.751480093],"iteration":290,"passed_time":10.89642283,"remaining_time":26.54832916},
{"learn":[0.7502992906],"iteration":291,"passed_time":10.92190973,"remaining_time":26.48189073},
{"learn":[0.7495179684],"iteration":292,"passed_time":10.94644931,"remaining_time":26.41344594},
{"learn":[0.7484872734],"iteration":293,"passed_time":10.97138047,"remaining_time":26.34624017},
{"learn":[0.7475757111],"iteration":294,"passed_time":10.9966066,"remaining_time":26.28002593},
{"learn":[0.7467890577],"iteration":295,"passed_time":11.02447692,"remaining_time":26.22037753},
{"learn":[0.745696634],"iteration":296,"passed_time":11.05053048,"remaining_time":26.15664285},
{"learn":[0.7447657715],"iteration":297,"passed_time":11.07664572,"remaining_time":26.09330637},
{"learn":[0.7441714357],"iteration":298,"passed_time":11.10227617,"remaining_time":26.02908227},
{"learn":[0.7436243819],"iteration":299,"passed_time":11.12683758,"remaining_time":25.96262101},
{"learn":[0.7431636798],"iteration":300,"passed_time":11.15247021,"remaining_time":25.89892584},
{"learn":[0.742395329],"iteration":301,"passed_time":11.17846971,"remaining_time":25.83633067},
{"learn":[0.7415282828],"iteration":302,"passed_time":11.20354227,"remaining_time":25.77184477},
{"learn":[0.7406706245],"iteration":303,"passed_time":11.2297318,"remaining_time":25.71017543},
{"learn":[0.7396022685],"iteration":304,"passed_time":11.25506164,"remaining_time":25.64677981},
{"learn":[0.7387983195],"iteration":305,"passed_time":11.28069499,"remaining_time":25.58432131},
{"learn":[0.7387125165],"iteration":306,"passed_time":11.30483122,"remaining_time":25.51872325},
{"learn":[0.7386500901],"iteration":307,"passed_time":11.32992594,"remaining_time":25.4555479},
{"learn":[0.7378589114],"iteration":308,"passed_time":11.35583351,"remaining_time":25.39443675},
{"learn":[0.7369101226],"iteration":309,"passed_time":11.3844272,"remaining_time":25.33953151},
{"learn":[0.7359863422],"iteration":310,"passed_time":11.40993716,"remaining_time":25.27796368},
{"learn":[0.73526204],"iteration":311,"passed_time":11.43510512,"remaining_time":25.21587283},
{"learn":[0.7340405216],"iteration":312,"passed_time":11.46317171,"remaining_time":25.16038009},
{"learn":[0.7334220458],"iteration":313,"passed_time":11.48836043,"remaining_time":25.0987747},
{"learn":[0.7326280425],"iteration":314,"passed_time":11.51323317,"remaining_time":25.0367134},
{"learn":[0.7317697442],"iteration":315,"passed_time":11.53872903,"remaining_time":24.97623626},
{"learn":[0.7309434421],"iteration":316,"passed_time":11.56528483,"remaining_time":24.91826353},
{"learn":[0.730864401],"iteration":317,"passed_time":11.58985385,"remaining_time":24.85622745},
{"learn":[0.7301043744],"iteration":318,"passed_time":11.61567822,"remaining_time":24.79710616},
{"learn":[0.7287002758],"iteration":319,"passed_time":11.65823194,"remaining_time":24.77374286},
{"learn":[0.7279209785],"iteration":320,"passed_time":11.684801,"remaining_time":24.71644821},
{"learn":[0.7272845846],"iteration":321,"passed_time":11.71129153,"remaining_time":24.65917906},
{"learn":[0.7267777575],"iteration":322,"passed_time":11.73637979,"remaining_time":24.59916135},
{"learn":[0.7267017529],"iteration":323,"passed_time":11.76074934,"remaining_time":24.53785974},
{"learn":[0.725725397],"iteration":324,"passed_time":11.78742323,"remaining_time":24.48157133},
{"learn":[0.7249362038],"iteration":325,"passed_time":11.81233234,"remaining_time":24.42181595},
{"learn":[0.7242147416],"iteration":326,"passed_time":11.83755401,"remaining_time":24.36291698},
{"learn":[0.7241501161],"iteration":327,"passed_time":11.86163998,"remaining_time":24.30189654},
{"learn":[0.7236002613],"iteration":328,"passed_time":11.88690852,"remaining_time":24.24351251},
{"learn":[0.7228850135],"iteration":329,"passed_time":11.91222758,"remaining_time":24.18543175},
{"learn":[0.7228225612],"iteration":330,"passed_time":11.93677849,"remaining_time":24.1259964},
{"learn":[0.7227722761],"iteration":331,"passed_time":11.96239999,"remaining_time":24.06892529},
{"learn":[0.7227207651],"iteration":332,"passed_time":11.98842215,"remaining_time":24.01284557},
{"learn":[0.7226707579],"iteration":333,"passed_time":12.01256701,"remaining_time":23.95320248},
{"learn":[0.7223536312],"iteration":334,"passed_time":12.03820402,"remaining_time":23.89673336},
{"learn":[0.7217930677],"iteration":335,"passed_time":12.06372912,"remaining_time":23.84022659},
{"learn":[0.7212644425],"iteration":336,"passed_time":12.08914473,"remaining_time":23.7836883},
{"learn":[0.7204497346],"iteration":337,"passed_time":12.1143645,"remaining_time":23.72695059},
{"learn":[0.7197436467],"iteration":338,"passed_time":12.13960335,"remaining_time":23.67043603},
{"learn":[0.7191032069],"iteration":339,"passed_time":12.16495516,"remaining_time":23.61432472},
{"learn":[0.718199894],"iteration":340,"passed_time":12.2000744,"remaining_time":23.57726989},
{"learn":[0.717127831],"iteration":341,"passed_time":12.22591127,"remaining_time":23.5223673},
{"learn":[0.7165398444],"iteration":342,"passed_time":12.2512201,"remaining_time":23.46662277},
{"learn":[0.7157731296],"iteration":343,"passed_time":12.27667674,"remaining_time":23.41133704},
{"learn":[0.7153072114],"iteration":344,"passed_time":12.30240249,"remaining_time":23.35673517},
{"learn":[0.7143510084],"iteration":345,"passed_time":12.32857683,"remaining_time":23.30314811},
{"learn":[0.7135376797],"iteration":346,"passed_time":12.3561469,"remaining_time":23.25234561},
{"learn":[0.7134881813],"iteration":347,"passed_time":12.38075193,"remaining_time":23.19612143},
{"learn":[0.7128538669],"iteration":348,"passed_time":12.40593091,"remaining_time":23.14114907},
{"learn":[0.7121323804],"iteration":349,"passed_time":12.43405943,"remaining_time":23.09182465},
{"learn":[0.7110943703],"iteration":350,"passed_time":12.46043681,"remaining_time":23.03938317},
{"learn":[0.7106065393],"iteration":351,"passed_time":12.48634701,"remaining_time":22.98622972},
{"learn":[0.7099215535],"iteration":352,"passed_time":12.51162433,"remaining_time":22.93207066},
{"learn":[0.7098652433],"iteration":353,"passed_time":12.53805419,"remaining_time":22.88017799},
{"learn":[0.7090119849],"iteration":354,"passed_time":12.56349152,"remaining_time":22.82662543},
{"learn":[0.7082113963],"iteration":355,"passed_time":12.59071634,"remaining_time":22.77646439},
{"learn":[0.7081567585],"iteration":356,"passed_time":12.61509816,"remaining_time":22.72131126},
{"learn":[0.7074177133],"iteration":357,"passed_time":12.6525006,"remaining_time":22.68967985},
{"learn":[0.7073644223],"iteration":358,"passed_time":12.67676418,"remaining_time":22.63455665},
{"learn":[0.7066882426],"iteration":359,"passed_time":12.70242576,"remaining_time":22.58209023},
{"learn":[0.7066364395],"iteration":360,"passed_time":12.72697746,"remaining_time":22.52780775},
{"learn":[0.7065859975],"iteration":361,"passed_time":12.75115402,"remaining_time":22.47302836},
{"learn":[0.7056955225],"iteration":362,"passed_time":12.77695065,"remaining_time":22.4212605},
{"learn":[0.705103703],"iteration":363,"passed_time":12.80349093,"remaining_time":22.3709347},
{"learn":[0.7042163274],"iteration":364,"passed_time":12.82971842,"remaining_time":22.32019506},
{"learn":[0.7035958226],"iteration":365,"passed_time":12.85522796,"remaining_time":22.26834569},
{"learn":[0.702756866],"iteration":366,"passed_time":12.88122079,"remaining_time":22.21747345},
{"learn":[0.7019842071],"iteration":367,"passed_time":12.90722497,"remaining_time":22.16675593},
{"learn":[0.701331408],"iteration":368,"passed_time":12.93278953,"remaining_time":22.11542057},
{"learn":[0.7008028607],"iteration":369,"passed_time":12.96039976,"remaining_time":22.0677077},
{"learn":[0.7001202836],"iteration":370,"passed_time":12.98567471,"remaining_time":22.01614392},
{"learn":[0.7000640058],"iteration":371,"passed_time":13.01027213,"remaining_time":21.96357767},
{"learn":[0.6996489753],"iteration":372,"passed_time":13.03571813,"remaining_time":21.91258785},
{"learn":[0.6989040742],"iteration":373,"passed_time":13.06158685,"remaining_time":21.86244216},
{"learn":[0.6979466048],"iteration":374,"passed_time":13.08748943,"remaining_time":21.81248239},
{"learn":[0.6970151474],"iteration":375,"passed_time":13.11330139,"remaining_time":21.76250018},
{"learn":[0.6961005658],"iteration":376,"passed_time":13.13958948,"remaining_time":21.71343302},
{"learn":[0.6960592374],"iteration":377,"passed_time":13.16376124,"remaining_time":21.66100395},
{"learn":[0.6952545717],"iteration":378,"passed_time":13.18995092,"remaining_time":21.6120304},
{"learn":[0.6945930056],"iteration":379,"passed_time":13.21501633,"remaining_time":21.56134244},
{"learn":[0.6939287902],"iteration":380,"passed_time":13.24131444,"remaining_time":21.5127917},
{"learn":[0.6931347373],"iteration":381,"passed_time":13.26786925,"remaining_time":21.46477277},
{"learn":[0.6924149808],"iteration":382,"passed_time":13.29327464,"remaining_time":21.41501423},
{"learn":[0.6914241137],"iteration":383,"passed_time":13.3189356,"remaining_time":21.36579253},
{"learn":[0.6911207941],"iteration":384,"passed_time":13.34588541,"remaining_time":21.31875201},
{"learn":[0.690190368],"iteration":385,"passed_time":13.37174012,"remaining_time":21.27007367},
{"learn":[0.690145521],"iteration":386,"passed_time":13.39846462,"remaining_time":21.22289098},
{"learn":[0.6892469559],"iteration":387,"passed_time":13.42430366,"remaining_time":21.17441711},
{"learn":[0.6885652381],"iteration":388,"passed_time":13.44895836,"remaining_time":21.12419937},
{"learn":[0.6876320372],"iteration":389,"passed_time":13.47503827,"remaining_time":21.07634192},
{"learn":[0.6867856632],"iteration":390,"passed_time":13.50089379,"remaining_time":21.02824634},
{"learn":[0.6864127256],"iteration":391,"passed_time":13.52609488,"remaining_time":20.9792492},
{"learn":[0.6853151342],"iteration":392,"passed_time":13.552676,"remaining_time":20.93250466},
{"learn":[0.6847966186],"iteration":393,"passed_time":13.57815814,"remaining_time":20.88417216},
{"learn":[0.6842013372],"iteration":394,"passed_time":13.60341331,"remaining_time":20.83560773},
{"learn":[0.6831894775],"iteration":395,"passed_time":13.64461558,"remaining_time":20.81148437},
{"learn":[0.6831492397],"iteration":396,"passed_time":13.66941167,"remaining_time":20.76235575},
{"learn":[0.6820913234],"iteration":397,"passed_time":13.69480461,"remaining_time":20.71425219},
{"learn":[0.6819002868],"iteration":398,"passed_time":13.722117,"remaining_time":20.66915368},
{"learn":[0.6813964707],"iteration":399,"passed_time":13.74865028,"remaining_time":20.62297541},
{"learn":[0.6813578243],"iteration":400,"passed_time":13.77269399,"remaining_time":20.5731763},
{"learn":[0.68084639],"iteration":401,"passed_time":13.79708244,"remaining_time":20.52401816},
{"learn":[0.6802908892],"iteration":402,"passed_time":13.82279675,"remaining_time":20.47694705},
{"learn":[0.6795739123],"iteration":403,"passed_time":13.84828767,"remaining_time":20.42965211},
{"learn":[0.6787519528],"iteration":404,"passed_time":13.87410117,"remaining_time":20.38293876},
{"learn":[0.6780146466],"iteration":405,"passed_time":13.90112339,"remaining_time":20.33809679},
{"learn":[0.6773128758],"iteration":406,"passed_time":13.9304516,"remaining_time":20.29670221},
{"learn":[0.6766090059],"iteration":407,"passed_time":13.95761154,"remaining_time":20.25222067},
{"learn":[0.6758290639],"iteration":408,"passed_time":13.9835712,"remaining_time":20.20608943},
{"learn":[0.6753521139],"iteration":409,"passed_time":14.00908417,"remaining_time":20.15941381},
{"learn":[0.6745452189],"iteration":410,"passed_time":14.03470611,"remaining_time":20.11299733},
{"learn":[0.6738315912],"iteration":411,"passed_time":14.06020281,"remaining_time":20.06650304},
{"learn":[0.6735220484],"iteration":412,"passed_time":14.08446874,"remaining_time":20.01836113},
{"learn":[0.6728988315],"iteration":413,"passed_time":14.1099069,"remaining_time":19.97199382},
{"learn":[0.6723501492],"iteration":414,"passed_time":14.13469978,"remaining_time":19.92481776},
{"learn":[0.6720934735],"iteration":415,"passed_time":14.1593366,"remaining_time":19.87753022},
{"learn":[0.671448908],"iteration":416,"passed_time":14.18608553,"remaining_time":19.83330423},
{"learn":[0.6704111635],"iteration":417,"passed_time":14.21243857,"remaining_time":19.78861064},
{"learn":[0.6703564624],"iteration":418,"passed_time":14.23797559,"remaining_time":19.74287307},
{"learn":[0.6703153233],"iteration":419,"passed_time":14.26263976,"remaining_time":19.69602634},
{"learn":[0.6693545299],"iteration":420,"passed_time":14.28847644,"remaining_time":19.65089752},
{"learn":[0.6688458963],"iteration":421,"passed_time":14.31858641,"remaining_time":19.61171315},
{"learn":[0.6681462871],"iteration":422,"passed_time":14.34448817,"remaining_time":19.56683138},
{"learn":[0.6674269101],"iteration":423,"passed_time":14.37329639,"remaining_time":19.52598754},
{"learn":[0.6671078657],"iteration":424,"passed_time":14.39808812,"remaining_time":19.47976628},
{"learn":[0.6667022957],"iteration":425,"passed_time":14.42287193,"remaining_time":19.43363494},
{"learn":[0.6658413701],"iteration":426,"passed_time":14.45118794,"remaining_time":19.39234353},
{"learn":[0.6651273493],"iteration":427,"passed_time":14.47606353,"remaining_time":19.34651481},
{"learn":[0.6646073485],"iteration":428,"passed_time":14.50359317,"remaining_time":19.30431631},
{"learn":[0.6637677491],"iteration":429,"passed_time":14.5293851,"remaining_time":19.25988257},
{"learn":[0.6629541926],"iteration":430,"passed_time":14.55619586,"remaining_time":19.21688038},
{"learn":[0.6621696513],"iteration":431,"passed_time":14.58329475,"remaining_time":19.17433199},
{"learn":[0.6614993573],"iteration":432,"passed_time":14.60874343,"remaining_time":19.12969405},
{"learn":[0.6611830654],"iteration":433,"passed_time":14.65117823,"remaining_time":19.10729696},
{"learn":[0.6604300003],"iteration":434,"passed_time":14.67709697,"remaining_time":19.06335584},
{"learn":[0.6598251203],"iteration":435,"passed_time":14.70216994,"remaining_time":19.01840331},
{"learn":[0.6590840425],"iteration":436,"passed_time":14.72835652,"remaining_time":18.97497647},
{"learn":[0.6582995126],"iteration":437,"passed_time":14.75480496,"remaining_time":18.93196436},
{"learn":[0.6577969915],"iteration":438,"passed_time":14.77983356,"remaining_time":18.88721327},
{"learn":[0.657103171],"iteration":439,"passed_time":14.80498881,"remaining_time":18.84271304},
{"learn":[0.6565437934],"iteration":440,"passed_time":14.8299666,"remaining_time":18.79807558},
{"learn":[0.6559190986],"iteration":441,"passed_time":14.85458884,"remaining_time":18.75307821},
{"learn":[0.655286355],"iteration":442,"passed_time":14.88011124,"remaining_time":18.70930465},
{"learn":[0.6546227336],"iteration":443,"passed_time":14.90698422,"remaining_time":18.66730457},
{"learn":[0.6538881206],"iteration":444,"passed_time":14.93266244,"remaining_time":18.62388236},
{"learn":[0.6532147097],"iteration":445,"passed_time":14.95733433,"remaining_time":18.57928973},
{"learn":[0.6526050671],"iteration":446,"passed_time":14.98234268,"remaining_time":18.53520246},
{"learn":[0.6518414611],"iteration":447,"passed_time":15.00870102,"remaining_time":18.49286376},
{"learn":[0.651037157],"iteration":448,"passed_time":15.03470528,"remaining_time":18.45016172},
{"learn":[0.650328054],"iteration":449,"passed_time":15.05952827,"remaining_time":18.40609011},
{"learn":[0.6494847578],"iteration":450,"passed_time":15.08450119,"remaining_time":18.36228637},
{"learn":[0.6490566351],"iteration":451,"passed_time":15.10851006,"remaining_time":18.31739715},
{"learn":[0.6483496813],"iteration":452,"passed_time":15.13320544,"remaining_time":18.27342909},
{"learn":[0.6477895074],"iteration":453,"passed_time":15.158146,"remaining_time":18.22984078},
{"learn":[0.6473349494],"iteration":454,"passed_time":15.18290075,"remaining_time":18.18611189},
{"learn":[0.6465155932],"iteration":455,"passed_time":15.20891937,"remaining_time":18.14397398},
{"learn":[0.6459429778],"iteration":456,"passed_time":15.23468383,"remaining_time":18.10160464},
{"learn":[0.6450939264],"iteration":457,"passed_time":15.26174352,"remaining_time":18.06084059},
{"learn":[0.6446343695],"iteration":458,"passed_time":15.28949538,"remaining_time":18.02095207},
{"learn":[0.6437410238],"iteration":459,"passed_time":15.31521441,"remaining_time":17.97872996},
{"learn":[0.6433151346],"iteration":460,"passed_time":15.34288759,"remaining_time":17.93886423},
{"learn":[0.6427778853],"iteration":461,"passed_time":15.3672038,"remaining_time":17.89514209},
{"learn":[0.6421450448],"iteration":462,"passed_time":15.39256269,"remaining_time":17.8527131},
{"learn":[0.641675212],"iteration":463,"passed_time":15.41789639,"remaining_time":17.81032859},
{"learn":[0.6413663206],"iteration":464,"passed_time":15.44301571,"remaining_time":17.76777076},
{"learn":[0.640351264],"iteration":465,"passed_time":15.46987658,"remaining_time":17.72728346},
{"learn":[0.6399648011],"iteration":466,"passed_time":15.49498361,"remaining_time":17.68485281},
{"learn":[0.6391678339],"iteration":467,"passed_time":15.52257199,"remaining_time":17.64531688},
{"learn":[0.6387771464],"iteration":468,"passed_time":15.54749692,"remaining_time":17.60281634},
{"learn":[0.638404283],"iteration":469,"passed_time":15.57195731,"remaining_time":17.55986675},
{"learn":[0.6374504994],"iteration":470,"passed_time":15.5981555,"remaining_time":17.51894747},
{"learn":[0.636922278],"iteration":471,"passed_time":15.63591963,"remaining_time":17.49102874},
{"learn":[0.6364924821],"iteration":472,"passed_time":15.66237995,"remaining_time":17.45047406},
{"learn":[0.6359815185],"iteration":473,"passed_time":15.68741979,"remaining_time":17.40840255},
{"learn":[0.6351568058],"iteration":474,"passed_time":15.71432218,"remaining_time":17.36846136},
{"learn":[0.6348151462],"iteration":475,"passed_time":15.73932694,"remaining_time":17.32648596},
{"learn":[0.6339133203],"iteration":476,"passed_time":15.76581528,"remaining_time":17.28620836},
{"learn":[0.6332092541],"iteration":477,"passed_time":15.79139097,"remaining_time":17.24499182},
{"learn":[0.6327700917],"iteration":478,"passed_time":15.81657681,"remaining_time":17.20341653},
{"learn":[0.6321905898],"iteration":479,"passed_time":15.84203766,"remaining_time":17.16220746},
{"learn":[0.6321561663],"iteration":480,"passed_time":15.86793833,"remaining_time":17.12153845},
{"learn":[0.6313088578],"iteration":481,"passed_time":15.89318192,"remaining_time":17.08022455},
{"learn":[0.6310290728],"iteration":482,"passed_time":15.91824809,"remaining_time":17.0387873},
{"learn":[0.6304805005],"iteration":483,"passed_time":15.94334712,"remaining_time":16.99745272},
{"learn":[0.6302149416],"iteration":484,"passed_time":15.96786542,"remaining_time":16.95556844},
{"learn":[0.6295606586],"iteration":485,"passed_time":15.99346442,"remaining_time":16.91489859},
{"learn":[0.6289656608],"iteration":486,"passed_time":16.01894746,"remaining_time":16.87416847},
{"learn":[0.6287071566],"iteration":487,"passed_time":16.0444503,"remaining_time":16.83352162},
{"learn":[0.6280518571],"iteration":488,"passed_time":16.07002092,"remaining_time":16.79300754},
{"learn":[0.6274204904],"iteration":489,"passed_time":16.09511697,"remaining_time":16.75206052},
{"learn":[0.6270384174],"iteration":490,"passed_time":16.12003574,"remaining_time":16.71099428},
{"learn":[0.6264545586],"iteration":491,"passed_time":16.14579374,"remaining_time":16.6708602},
{"learn":[0.6261884073],"iteration":492,"passed_time":16.17234609,"remaining_time":16.63160135},
{"learn":[0.6256181337],"iteration":493,"passed_time":16.19756837,"remaining_time":16.59103157},
{"learn":[0.6249127658],"iteration":494,"passed_time":16.22300692,"remaining_time":16.55074443},
{"learn":[0.6243059046],"iteration":495,"passed_time":16.25024394,"remaining_time":16.51234465},
{"learn":[0.6240026429],"iteration":496,"passed_time":16.27583938,"remaining_time":16.47232839},
{"learn":[0.6235270178],"iteration":497,"passed_time":16.30091585,"remaining_time":16.43184691},
{"learn":[0.6229504327],"iteration":498,"passed_time":16.32888749,"remaining_time":16.39433393},
{"learn":[0.6224740303],"iteration":499,"passed_time":16.35410244,"remaining_time":16.35410244},
{"learn":[0.6219078119],"iteration":500,"passed_time":16.37927396,"remaining_time":16.31388763},
{"learn":[0.6212599049],"iteration":501,"passed_time":16.40390806,"remaining_time":16.27319962},
{"learn":[0.6212293142],"iteration":502,"passed_time":16.42762148,"remaining_time":16.23166576},
{"learn":[0.6205852182],"iteration":503,"passed_time":16.45245208,"remaining_time":16.19130204},
{"learn":[0.6202056967],"iteration":504,"passed_time":16.47691355,"remaining_time":16.15063804},
{"learn":[0.6201737993],"iteration":505,"passed_time":16.51901877,"remaining_time":16.12726338},
{"learn":[0.6199245913],"iteration":506,"passed_time":16.5598006,"remaining_time":16.102528},
{"learn":[0.6193260571],"iteration":507,"passed_time":16.59806931,"remaining_time":16.07529548},
{"learn":[0.6185737361],"iteration":508,"passed_time":16.64887883,"remaining_time":16.0601169},
{"learn":[0.6180309299],"iteration":509,"passed_time":16.70086682,"remaining_time":16.04593086},
{"learn":[0.6176728807],"iteration":510,"passed_time":16.75034595,"remaining_time":16.02919603},
{"learn":[0.6169907283],"iteration":511,"passed_time":16.79999066,"remaining_time":16.01249109},
{"learn":[0.6165124441],"iteration":512,"passed_time":16.85376073,"remaining_time":15.99957402},
{"learn":[0.6157680613],"iteration":513,"passed_time":16.9014522,"remaining_time":15.98075052},
{"learn":[0.6152871613],"iteration":514,"passed_time":16.9536026,"remaining_time":15.9660141},
{"learn":[0.6147912124],"iteration":515,"passed_time":17.0049716,"remaining_time":15.95039972},
{"learn":[0.6142227112],"iteration":516,"passed_time":17.05759403,"remaining_time":15.93581802},
{"learn":[0.6141937041],"iteration":517,"passed_time":17.10629886,"remaining_time":15.91744411},
{"learn":[0.6135862963],"iteration":518,"passed_time":17.15685874,"remaining_time":15.90067255},
{"learn":[0.6129520265],"iteration":519,"passed_time":17.20894841,"remaining_time":15.88518315},
{"learn":[0.6125153479],"iteration":520,"passed_time":17.25874172,"remaining_time":15.867442},
{"learn":[0.6120318551],"iteration":521,"passed_time":17.29543477,"remaining_time":15.83758203},
{"learn":[0.6117945086],"iteration":522,"passed_time":17.33446345,"remaining_time":15.80982613},
{"learn":[0.6117636544],"iteration":523,"passed_time":17.38753158,"remaining_time":15.79478059},
{"learn":[0.6112926576],"iteration":524,"passed_time":17.43922122,"remaining_time":15.77834301},
{"learn":[0.6109285206],"iteration":525,"passed_time":17.49417759,"remaining_time":15.76471517},
{"learn":[0.6105149346],"iteration":526,"passed_time":17.53602499,"remaining_time":15.73916475},
{"learn":[0.6097883768],"iteration":527,"passed_time":17.59043212,"remaining_time":15.72478022},
{"learn":[0.6092701274],"iteration":528,"passed_time":17.64683872,"remaining_time":15.71202465},
{"learn":[0.6089100847],"iteration":529,"passed_time":17.70481748,"remaining_time":15.70049852},
{"learn":[0.6081237436],"iteration":530,"passed_time":17.7432182,"remaining_time":15.67150534},
{"learn":[0.6074701707],"iteration":531,"passed_time":17.79574276,"remaining_time":15.65490153},
{"learn":[0.6066789106],"iteration":532,"passed_time":17.85086805,"remaining_time":15.64044161},
{"learn":[0.6060394551],"iteration":533,"passed_time":17.8989372,"remaining_time":15.61967179},
{"learn":[0.6053124126],"iteration":534,"passed_time":17.94843021,"remaining_time":15.60003747},
{"learn":[0.6052828227],"iteration":535,"passed_time":17.99740067,"remaining_time":15.57983939},
{"learn":[0.6047247675],"iteration":536,"passed_time":18.04764579,"remaining_time":15.56063315},
{"learn":[0.6041085271],"iteration":537,"passed_time":18.09573171,"remaining_time":15.53945734},
{"learn":[0.6039123867],"iteration":538,"passed_time":18.14240878,"remaining_time":15.51697671},
{"learn":[0.603474139],"iteration":539,"passed_time":18.19570746,"remaining_time":15.50004709},
{"learn":[0.6034452583],"iteration":540,"passed_time":18.24384301,"remaining_time":15.47860248},
{"learn":[0.6027759295],"iteration":541,"passed_time":18.3015634,"remaining_time":15.46515874},
{"learn":[0.6024306743],"iteration":542,"passed_time":18.3531827,"remaining_time":15.44641711},
{"learn":[0.6018481474],"iteration":543,"passed_time":18.40839906,"remaining_time":15.4305698},
{"learn":[0.6018218343],"iteration":544,"passed_time":18.46157379,"remaining_time":15.41287353},
{"learn":[0.6012111889],"iteration":545,"passed_time":18.51245328,"remaining_time":15.39313881},
{"learn":[0.6005997478],"iteration":546,"passed_time":18.56739424,"remaining_time":15.37665373},
{"learn":[0.5997573223],"iteration":547,"passed_time":18.62458622,"remaining_time":15.36188499},
{"learn":[0.5992854977],"iteration":548,"passed_time":18.67186736,"remaining_time":15.33882},
{"learn":[0.5986909593],"iteration":549,"passed_time":18.72797612,"remaining_time":15.32288955},
{"learn":[0.5982384449],"iteration":550,"passed_time":18.77955324,"remaining_time":15.30312052},
{"learn":[0.5977674367],"iteration":551,"passed_time":18.83333054,"remaining_time":15.28502189},
{"learn":[0.5973190915],"iteration":552,"passed_time":18.88379824,"remaining_time":15.26411901},
{"learn":[0.5966999331],"iteration":553,"passed_time":18.9360446,"remaining_time":15.24454132},
{"learn":[0.5962426181],"iteration":554,"passed_time":18.99112042,"remaining_time":15.22711457},
{"learn":[0.5958086542],"iteration":555,"passed_time":19.0443435,"remaining_time":15.20807287},
{"learn":[0.5957811947],"iteration":556,"passed_time":19.09067128,"remaining_time":15.18342438},
{"learn":[0.5951561072],"iteration":557,"passed_time":19.14183897,"remaining_time":15.16253195},
{"learn":[0.5949637579],"iteration":558,"passed_time":19.19517652,"remaining_time":15.14324301},
{"learn":[0.5945070933],"iteration":559,"passed_time":19.24096213,"remaining_time":15.11789882},
{"learn":[0.5938819085],"iteration":560,"passed_time":19.29306852,"remaining_time":15.09742795},
{"learn":[0.5935001582],"iteration":561,"passed_time":19.32960512,"remaining_time":15.06471004},
{"learn":[0.5929735101],"iteration":562,"passed_time":19.38335517,"remaining_time":15.04533963},
{"learn":[0.5923338698],"iteration":563,"passed_time":19.44012634,"remaining_time":15.02818277},
{"learn":[0.5920383389],"iteration":564,"passed_time":19.49278806,"remaining_time":15.00772178},
{"learn":[0.5915326698],"iteration":565,"passed_time":19.53773667,"remaining_time":14.98123271},
{"learn":[0.5909177557],"iteration":566,"passed_time":19.5891327,"remaining_time":14.95960222},
{"learn":[0.590401357],"iteration":567,"passed_time":19.64062842,"remaining_time":14.93794274},
{"learn":[0.5899755358],"iteration":568,"passed_time":19.68316912,"remaining_time":14.90939524},
{"learn":[0.5895324919],"iteration":569,"passed_time":19.73773994,"remaining_time":14.88987399},
{"learn":[0.5888351448],"iteration":570,"passed_time":19.79400332,"remaining_time":14.87150162},
{"learn":[0.5884887457],"iteration":571,"passed_time":19.83022926,"remaining_time":14.83800372},
{"learn":[0.587963184],"iteration":572,"passed_time":19.87481718,"remaining_time":14.81072764},
{"learn":[0.5871408406],"iteration":573,"passed_time":19.91234953,"remaining_time":14.77815487},
{"learn":[0.5867731449],"iteration":574,"passed_time":19.9636543,"remaining_time":14.75574449},
{"learn":[0.5861669941],"iteration":575,"passed_time":20.01451138,"remaining_time":14.73290421},
{"learn":[0.5856829046],"iteration":576,"passed_time":20.06391506,"remaining_time":14.70890134},
{"learn":[0.584917093],"iteration":577,"passed_time":20.11622352,"remaining_time":14.68693136},
{"learn":[0.5842672195],"iteration":578,"passed_time":20.16594427,"remaining_time":14.66297502},
{"learn":[0.584205007],"iteration":579,"passed_time":20.21489606,"remaining_time":14.63837301},
{"learn":[0.5837550383],"iteration":580,"passed_time":20.26448373,"remaining_time":14.61414575},
{"learn":[0.5833588724],"iteration":581,"passed_time":20.31829946,"remaining_time":14.592868},
{"learn":[0.5831288028],"iteration":582,"passed_time":20.36864164,"remaining_time":14.5689941},
{"learn":[0.5828372825],"iteration":583,"passed_time":20.41941966,"remaining_time":14.54534004},
{"learn":[0.5821034194],"iteration":584,"passed_time":20.47150555,"remaining_time":14.52252103},
{"learn":[0.5815358932],"iteration":585,"passed_time":20.52276811,"remaining_time":14.49902047},
{"learn":[0.5812288806],"iteration":586,"passed_time":20.57903568,"remaining_time":14.47894674},
{"learn":[0.5805107628],"iteration":587,"passed_time":20.63174257,"remaining_time":14.456255},
{"learn":[0.5798357321],"iteration":588,"passed_time":20.68318478,"remaining_time":14.43257885},
{"learn":[0.5793658881],"iteration":589,"passed_time":20.73456866,"remaining_time":14.40876805},
{"learn":[0.5791686148],"iteration":590,"passed_time":20.79350216,"remaining_time":14.39008864},
{"learn":[0.5789095471],"iteration":591,"passed_time":20.84249425,"remaining_time":14.36442171},
{"learn":[0.5784760642],"iteration":592,"passed_time":20.89709182,"remaining_time":14.34252339},
{"learn":[0.5783372929],"iteration":593,"passed_time":20.94864897,"remaining_time":14.31843684},
{"learn":[0.5777201537],"iteration":594,"passed_time":21.00112886,"remaining_time":14.29488603},
{"learn":[0.5770456708],"iteration":595,"passed_time":21.05233392,"remaining_time":14.270374},
{"learn":[0.5765096327],"iteration":596,"passed_time":21.10158606,"remaining_time":14.24445424},
{"learn":[0.5761586182],"iteration":597,"passed_time":21.15323094,"remaining_time":14.22006495},
{"learn":[0.5755528675],"iteration":598,"passed_time":21.20357619,"remaining_time":14.19471461},
{"learn":[0.5750645717],"iteration":599,"passed_time":21.25417076,"remaining_time":14.16944717},
{"learn":[0.5744440046],"iteration":600,"passed_time":21.30733709,"remaining_time":14.14580283},
{"learn":[0.5742360258],"iteration":601,"passed_time":21.35889026,"remaining_time":14.1209939},
{"learn":[0.5734161765],"iteration":602,"passed_time":21.41334702,"remaining_time":14.0980079},
{"learn":[0.5731958791],"iteration":603,"passed_time":21.46564612,"remaining_time":14.07350308},
{"learn":[0.5726141188],"iteration":604,"passed_time":21.51634404,"remaining_time":14.04786099},
{"learn":[0.5722250139],"iteration":605,"passed_time":21.56672917,"remaining_time":14.02193283},
{"learn":[0.571825259],"iteration":606,"passed_time":21.61569068,"remaining_time":13.99500237},
{"learn":[0.5715388407],"iteration":607,"passed_time":21.67545687,"remaining_time":13.97496561},
{"learn":[0.5711145754],"iteration":608,"passed_time":21.72567519,"remaining_time":13.94866831},
{"learn":[0.5706904212],"iteration":609,"passed_time":21.77471843,"remaining_time":13.92154129},
{"learn":[0.570135796],"iteration":610,"passed_time":21.82833107,"remaining_time":13.89725169},
{"learn":[0.5698000485],"iteration":611,"passed_time":21.87901062,"remaining_time":13.87100673},
{"learn":[0.569183107],"iteration":612,"passed_time":21.92876579,"remaining_time":13.84409847},
{"learn":[0.5688695142],"iteration":613,"passed_time":21.99312923,"remaining_time":13.82629948},
{"learn":[0.5684782135],"iteration":614,"passed_time":22.04448239,"remaining_time":13.80020442},
{"learn":[0.5682712318],"iteration":615,"passed_time":22.09617824,"remaining_time":13.77424098},
{"learn":[0.5678204955],"iteration":616,"passed_time":22.14792985,"remaining_time":13.74822874},
{"learn":[0.5673061822],"iteration":617,"passed_time":22.20075679,"remaining_time":13.72279789},
{"learn":[0.5670520575],"iteration":618,"passed_time":22.25092499,"remaining_time":13.69564203},
{"learn":[0.5665082877],"iteration":619,"passed_time":22.30618796,"remaining_time":13.67153456},
{"learn":[0.5660627984],"iteration":620,"passed_time":22.35767219,"remaining_time":13.64502055},
{"learn":[0.5657082177],"iteration":621,"passed_time":22.40883563,"remaining_time":13.6182313},
{"learn":[0.5653839606],"iteration":622,"passed_time":22.45790461,"remaining_time":13.59009637},
{"learn":[0.5653587881],"iteration":623,"passed_time":22.50577842,"remaining_time":13.56117418},
{"learn":[0.5647504551],"iteration":624,"passed_time":22.55785916,"remaining_time":13.53471549},
{"learn":[0.5641607122],"iteration":625,"passed_time":22.6106349,"remaining_time":13.50859018},
{"learn":[0.5636422094],"iteration":626,"passed_time":22.66429456,"remaining_time":13.4829057},
{"learn":[0.5635546751],"iteration":627,"passed_time":22.71560791,"remaining_time":13.45574226},
{"learn":[0.5632852157],"iteration":628,"passed_time":22.76922668,"remaining_time":13.42986184},
{"learn":[0.5626544891],"iteration":629,"passed_time":22.82478017,"remaining_time":13.40502962},
{"learn":[0.5621828115],"iteration":630,"passed_time":22.88228567,"remaining_time":13.38124154},
{"learn":[0.5616610106],"iteration":631,"passed_time":22.93886212,"remaining_time":13.35680579},
{"learn":[0.5612038307],"iteration":632,"passed_time":22.98909924,"remaining_time":13.32859308},
{"learn":[0.5605410143],"iteration":633,"passed_time":23.04354195,"remaining_time":13.30273873},
{"learn":[0.5601025516],"iteration":634,"passed_time":23.09732338,"remaining_time":13.27641423},
{"learn":[0.5596185566],"iteration":635,"passed_time":23.14448718,"remaining_time":13.24621593},
{"learn":[0.5589630132],"iteration":636,"passed_time":23.19921294,"remaining_time":13.22027362},
{"learn":[0.5585831204],"iteration":637,"passed_time":23.25061504,"remaining_time":13.19235524},
{"learn":[0.558115152],"iteration":638,"passed_time":23.30185768,"remaining_time":13.16427327},
{"learn":[0.5572753616],"iteration":639,"passed_time":23.35156682,"remaining_time":13.13525634},
{"learn":[0.5568758838],"iteration":640,"passed_time":23.39872508,"remaining_time":13.10474618},
{"learn":[0.5562229368],"iteration":641,"passed_time":23.45196347,"remaining_time":13.07757464},
{"learn":[0.5557022973],"iteration":642,"passed_time":23.47909529,"remaining_time":13.0358274},
{"learn":[0.5553945593],"iteration":643,"passed_time":23.50538855,"remaining_time":12.993662},
{"learn":[0.5548366251],"iteration":644,"passed_time":23.53247913,"remaining_time":12.95198464},
{"learn":[0.5546194135],"iteration":645,"passed_time":23.55770879,"remaining_time":12.90933268},
{"learn":[0.5540187423],"iteration":646,"passed_time":23.58379911,"remaining_time":12.86720415},
{"learn":[0.5533906523],"iteration":647,"passed_time":23.61117883,"remaining_time":12.82582554},
{"learn":[0.5528868838],"iteration":648,"passed_time":23.63711112,"remaining_time":12.78370725},
{"learn":[0.552535667],"iteration":649,"passed_time":23.66179645,"remaining_time":12.74096732},
{"learn":[0.5521747064],"iteration":650,"passed_time":23.68691357,"remaining_time":12.69851434},
{"learn":[0.5521505663],"iteration":651,"passed_time":23.71106856,"remaining_time":12.65560101},
{"learn":[0.5516501386],"iteration":652,"passed_time":23.73932112,"remaining_time":12.61492256},
{"learn":[0.5512637276],"iteration":653,"passed_time":23.76546104,"remaining_time":12.5731644},
{"learn":[0.5508558783],"iteration":654,"passed_time":23.79140866,"remaining_time":12.53135265},
{"learn":[0.5503481714],"iteration":655,"passed_time":23.8174898,"remaining_time":12.48965929},
{"learn":[0.5499997239],"iteration":656,"passed_time":23.84310011,"remaining_time":12.44776764},
{"learn":[0.5499739021],"iteration":657,"passed_time":23.86704021,"remaining_time":12.40505737},
{"learn":[0.5494119857],"iteration":658,"passed_time":23.89323107,"remaining_time":12.36356873},
{"learn":[0.5491053777],"iteration":659,"passed_time":23.91893676,"remaining_time":12.32187651},
{"learn":[0.5487791647],"iteration":660,"passed_time":23.96035141,"remaining_time":12.28828915},
{"learn":[0.5481355306],"iteration":661,"passed_time":23.98663912,"remaining_time":12.24695472},
{"learn":[0.5476994066],"iteration":662,"passed_time":24.01187019,"remaining_time":12.20512859},
{"learn":[0.5472609947],"iteration":663,"passed_time":24.03854725,"remaining_time":12.16408415},
{"learn":[0.5467153336],"iteration":664,"passed_time":24.06955854,"remaining_time":12.12526633},
{"learn":[0.5460536404],"iteration":665,"passed_time":24.09637987,"remaining_time":12.08437068},
{"learn":[0.5456334417],"iteration":666,"passed_time":24.12299976,"remaining_time":12.04341667},
{"learn":[0.5452895869],"iteration":667,"passed_time":24.1502598,"remaining_time":12.00282373},
{"learn":[0.5447591411],"iteration":668,"passed_time":24.17633059,"remaining_time":11.96168225},
{"learn":[0.5443836523],"iteration":669,"passed_time":24.20102865,"remaining_time":11.91990963},
{"learn":[0.5440746456],"iteration":670,"passed_time":24.22963619,"remaining_time":11.88010478},
{"learn":[0.5433584523],"iteration":671,"passed_time":24.25569672,"remaining_time":11.83909006},
{"learn":[0.5428698156],"iteration":672,"passed_time":24.28150933,"remaining_time":11.79799933},
{"learn":[0.5424096967],"iteration":673,"passed_time":24.30807885,"remaining_time":11.75732004},
{"learn":[0.5418787752],"iteration":674,"passed_time":24.33412498,"remaining_time":11.71643055},
{"learn":[0.5415423098],"iteration":675,"passed_time":24.36114837,"remaining_time":11.67605336},
{"learn":[0.541274823],"iteration":676,"passed_time":24.38791166,"remaining_time":11.63559153},
{"learn":[0.5411671607],"iteration":677,"passed_time":24.41363018,"remaining_time":11.59467392},
{"learn":[0.5409055221],"iteration":678,"passed_time":24.43838269,"remaining_time":11.5533444},
{"learn":[0.5401815058],"iteration":679,"passed_time":24.46525697,"remaining_time":11.5130621},
{"learn":[0.5397918418],"iteration":680,"passed_time":24.4911558,"remaining_time":11.47236226},
{"learn":[0.5392707183],"iteration":681,"passed_time":24.51714064,"remaining_time":11.43174593},
{"learn":[0.5389326317],"iteration":682,"passed_time":24.54549189,"remaining_time":11.39227076},
{"learn":[0.5387372507],"iteration":683,"passed_time":24.57126636,"remaining_time":11.35163768},
{"learn":[0.5384873995],"iteration":684,"passed_time":24.59733658,"remaining_time":11.31118398},
{"learn":[0.5381128548],"iteration":685,"passed_time":24.62314724,"remaining_time":11.2706534},
{"learn":[0.5377301472],"iteration":686,"passed_time":24.64939146,"remaining_time":11.23036321},
{"learn":[0.5372879277],"iteration":687,"passed_time":24.67514805,"remaining_time":11.18989272},
{"learn":[0.53677449],"iteration":688,"passed_time":24.70274596,"remaining_time":11.15029607},
{"learn":[0.5363966124],"iteration":689,"passed_time":24.72823446,"remaining_time":11.1097865},
{"learn":[0.5361890903],"iteration":690,"passed_time":24.75373458,"remaining_time":11.0693256},
{"learn":[0.5356641746],"iteration":691,"passed_time":24.77914644,"remaining_time":11.02886864},
{"learn":[0.5350894251],"iteration":692,"passed_time":24.80501747,"remaining_time":10.98865853},
{"learn":[0.5344964283],"iteration":693,"passed_time":24.83132362,"remaining_time":10.94868159},
{"learn":[0.5340923924],"iteration":694,"passed_time":24.85725395,"remaining_time":10.90857907},
{"learn":[0.5335756542],"iteration":695,"passed_time":24.88272302,"remaining_time":10.8683158},
{"learn":[0.5329329666],"iteration":696,"passed_time":24.91323526,"remaining_time":10.83028735},
{"learn":[0.5324326727],"iteration":697,"passed_time":24.94867424,"remaining_time":10.79441206},
{"learn":[0.5322058407],"iteration":698,"passed_time":24.98018045,"remaining_time":10.75684451},
{"learn":[0.5318479376],"iteration":699,"passed_time":25.00676062,"remaining_time":10.71718312},
{"learn":[0.5316267132],"iteration":700,"passed_time":25.03263859,"remaining_time":10.67725954},
{"learn":[0.5311687114],"iteration":701,"passed_time":25.05841764,"remaining_time":10.63733398},
{"learn":[0.5309222417],"iteration":702,"passed_time":25.08464088,"remaining_time":10.59763633},
{"learn":[0.5308727954],"iteration":703,"passed_time":25.11100616,"remaining_time":10.55803668},
{"learn":[0.5304596818],"iteration":704,"passed_time":25.13669361,"remaining_time":10.51819094},
{"learn":[0.5298764978],"iteration":705,"passed_time":25.16296244,"remaining_time":10.47862742},
{"learn":[0.5293844146],"iteration":706,"passed_time":25.188819,"remaining_time":10.43893065},
{"learn":[0.5288496516],"iteration":707,"passed_time":25.21752164,"remaining_time":10.40044678},
{"learn":[0.5288208346],"iteration":708,"passed_time":25.24404576,"remaining_time":10.36109636},
{"learn":[0.5284675402],"iteration":709,"passed_time":25.27130611,"remaining_time":10.32208278},
{"learn":[0.528132371],"iteration":710,"passed_time":25.29839835,"remaining_time":10.28303393},
{"learn":[0.5277838287],"iteration":711,"passed_time":25.32464029,"remaining_time":10.24367473},
{"learn":[0.5275298795],"iteration":712,"passed_time":25.35094065,"remaining_time":10.20437583},
{"learn":[0.5271892588],"iteration":713,"passed_time":25.37685326,"remaining_time":10.16495803},
{"learn":[0.5268355438],"iteration":714,"passed_time":25.40320958,"remaining_time":10.12575487},
{"learn":[0.526637276],"iteration":715,"passed_time":25.42894712,"remaining_time":10.08634215},
{"learn":[0.526232611],"iteration":716,"passed_time":25.45440333,"remaining_time":10.04685654},
{"learn":[0.525889713],"iteration":717,"passed_time":25.48067497,"remaining_time":10.00773028},
{"learn":[0.5252080641],"iteration":718,"passed_time":25.50688355,"remaining_time":9.968615129},
{"learn":[0.5251856479],"iteration":719,"passed_time":25.53145072,"remaining_time":9.928897502},
{"learn":[0.5251638128],"iteration":720,"passed_time":25.55587336,"remaining_time":9.889165975},
{"learn":[0.5248746935],"iteration":721,"passed_time":25.58138768,"remaining_time":9.849897197},
{"learn":[0.5247749483],"iteration":722,"passed_time":25.60649284,"remaining_time":9.810509703},
{"learn":[0.5243953652],"iteration":723,"passed_time":25.63208981,"remaining_time":9.771349153},
{"learn":[0.5242305917],"iteration":724,"passed_time":25.65889093,"remaining_time":9.732682767},
{"learn":[0.5239385555],"iteration":725,"passed_time":25.68410259,"remaining_time":9.693449188},
{"learn":[0.5235422038],"iteration":726,"passed_time":25.70950841,"remaining_time":9.65432709},
{"learn":[0.5229232909],"iteration":727,"passed_time":25.73743922,"remaining_time":9.616186081},
{"learn":[0.5224681708],"iteration":728,"passed_time":25.76384826,"remaining_time":9.577507377},
{"learn":[0.5219395008],"iteration":729,"passed_time":25.78926245,"remaining_time":9.538494331},
{"learn":[0.5218700246],"iteration":730,"passed_time":25.81400006,"remaining_time":9.499269515},
{"learn":[0.521653074],"iteration":731,"passed_time":25.83918997,"remaining_time":9.46024988},
{"learn":[0.5214701146],"iteration":732,"passed_time":25.86441572,"remaining_time":9.421281033},
{"learn":[0.5211044003],"iteration":733,"passed_time":25.88997855,"remaining_time":9.382471792},
{"learn":[0.5206816066],"iteration":734,"passed_time":25.91667516,"remaining_time":9.344107369},
{"learn":[0.5205540788],"iteration":735,"passed_time":25.94980219,"remaining_time":9.30808122},
{"learn":[0.520041526],"iteration":736,"passed_time":25.98523157,"remaining_time":9.272884535},
{"learn":[0.519605606],"iteration":737,"passed_time":26.01119284,"remaining_time":9.234325914},
{"learn":[0.5191159308],"iteration":738,"passed_time":26.03748902,"remaining_time":9.195919666},
{"learn":[0.5187313528],"iteration":739,"passed_time":26.0639915,"remaining_time":9.157618634},
{"learn":[0.5184303294],"iteration":740,"passed_time":26.09076262,"remaining_time":9.119443346},
{"learn":[0.517784739],"iteration":741,"passed_time":26.11732415,"remaining_time":9.081225918},
{"learn":[0.5173164741],"iteration":742,"passed_time":26.1426236,"remaining_time":9.04260332},
{"learn":[0.5171210967],"iteration":743,"passed_time":26.16782137,"remaining_time":9.003981546},
{"learn":[0.5167239158],"iteration":744,"passed_time":26.19609423,"remaining_time":8.966448361},
{"learn":[0.516443253],"iteration":745,"passed_time":26.22190648,"remaining_time":8.928102205},
{"learn":[0.5160928634],"iteration":746,"passed_time":26.24768786,"remaining_time":8.889779156},
{"learn":[0.5157042848],"iteration":747,"passed_time":26.27340106,"remaining_time":8.851466669},
{"learn":[0.5154587317],"iteration":748,"passed_time":26.29843457,"remaining_time":8.81296005},
{"learn":[0.5149107552],"iteration":749,"passed_time":26.32462645,"remaining_time":8.774875483},
{"learn":[0.5145256723],"iteration":750,"passed_time":26.3505405,"remaining_time":8.736730471},
{"learn":[0.513999122],"iteration":751,"passed_time":26.37700301,"remaining_time":8.698798864},
{"learn":[0.5137363799],"iteration":752,"passed_time":26.40428975,"remaining_time":8.661168086},
{"learn":[0.513351044],"iteration":753,"passed_time":26.42956266,"remaining_time":8.622907711},
{"learn":[0.5130635863],"iteration":754,"passed_time":26.4565293,"remaining_time":8.585231362},
{"learn":[0.5126477688],"iteration":755,"passed_time":26.48297397,"remaining_time":8.54741488},
{"learn":[0.5122607415],"iteration":756,"passed_time":26.50881195,"remaining_time":8.509433692},
{"learn":[0.5120561349],"iteration":757,"passed_time":26.53423795,"remaining_time":8.471353013},
{"learn":[0.5116716872],"iteration":758,"passed_time":26.55956187,"remaining_time":8.433273269},
{"learn":[0.5112560039],"iteration":759,"passed_time":26.58571512,"remaining_time":8.395488984},
{"learn":[0.5108433578],"iteration":760,"passed_time":26.61107855,"remaining_time":8.357487218},
{"learn":[0.5104597043],"iteration":761,"passed_time":26.63815636,"remaining_time":8.320054085},
{"learn":[0.5100855098],"iteration":762,"passed_time":26.66421752,"remaining_time":8.282332309},
{"learn":[0.5096192505],"iteration":763,"passed_time":26.6901603,"remaining_time":8.244604492},
{"learn":[0.5093830892],"iteration":764,"passed_time":26.71627402,"remaining_time":8.206959994},
{"learn":[0.509144596],"iteration":765,"passed_time":26.74118689,"remaining_time":8.168978761},
{"learn":[0.5091177574],"iteration":766,"passed_time":26.76482386,"remaining_time":8.130644016},
{"learn":[0.5088289578],"iteration":767,"passed_time":26.78984971,"remaining_time":8.092767101},
{"learn":[0.5084758333],"iteration":768,"passed_time":26.81446342,"remaining_time":8.054799805},
{"learn":[0.5082675229],"iteration":769,"passed_time":26.8394513,"remaining_time":8.016978961},
{"learn":[0.5078881104],"iteration":770,"passed_time":26.87277088,"remaining_time":7.981666058},
{"learn":[0.5078681303],"iteration":771,"passed_time":26.8970675,"remaining_time":7.94369351},
{"learn":[0.5074557882],"iteration":772,"passed_time":26.92347004,"remaining_time":7.906374774},
{"learn":[0.5072205367],"iteration":773,"passed_time":26.95497489,"remaining_time":7.870574064},
{"learn":[0.5067026711],"iteration":774,"passed_time":26.99140375,"remaining_time":7.836213992},
{"learn":[0.506327225],"iteration":775,"passed_time":27.01735971,"remaining_time":7.798825483},
{"learn":[0.5058645607],"iteration":776,"passed_time":27.04292612,"remaining_time":7.761354601},
{"learn":[0.5055012919],"iteration":777,"passed_time":27.07014835,"remaining_time":7.724386805},
{"learn":[0.5051196765],"iteration":778,"passed_time":27.09604124,"remaining_time":7.687066899},
{"learn":[0.5048102389],"iteration":779,"passed_time":27.12101967,"remaining_time":7.649518369},
{"learn":[0.5045561387],"iteration":780,"passed_time":27.14827447,"remaining_time":7.612640344},
{"learn":[0.5043951149],"iteration":781,"passed_time":27.17396978,"remaining_time":7.57535219},
{"learn":[0.5039284837],"iteration":782,"passed_time":27.19985995,"remaining_time":7.538147648},
{"learn":[0.5037598011],"iteration":783,"passed_time":27.22466884,"remaining_time":7.500674068},
{"learn":[0.5033725652],"iteration":784,"passed_time":27.2508598,"remaining_time":7.463611283},
{"learn":[0.5031029867],"iteration":785,"passed_time":27.27939783,"remaining_time":7.427215186},
{"learn":[0.5030094896],"iteration":786,"passed_time":27.30355652,"remaining_time":7.389653797},
{"learn":[0.5025049668],"iteration":787,"passed_time":27.33153701,"remaining_time":7.353154627},
{"learn":[0.5020153148],"iteration":788,"passed_time":27.35747964,"remaining_time":7.316132071},
{"learn":[0.5013580781],"iteration":789,"passed_time":27.38369428,"remaining_time":7.279209872},
{"learn":[0.5009600424],"iteration":790,"passed_time":27.40968461,"remaining_time":7.242255478},
{"learn":[0.5004926806],"iteration":791,"passed_time":27.43600221,"remaining_time":7.205414721},
{"learn":[0.5000618111],"iteration":792,"passed_time":27.46229067,"remaining_time":7.168592899},
{"learn":[0.4997369437],"iteration":793,"passed_time":27.48826921,"remaining_time":7.131717199},
{"learn":[0.498964415],"iteration":794,"passed_time":27.51522984,"remaining_time":7.095122159},
{"learn":[0.4986600533],"iteration":795,"passed_time":27.540821,"remaining_time":7.058200358},
{"learn":[0.4982145113],"iteration":796,"passed_time":27.56630514,"remaining_time":7.021279728},
{"learn":[0.4979011832],"iteration":797,"passed_time":27.59199903,"remaining_time":6.984440857},
{"learn":[0.4975532548],"iteration":798,"passed_time":27.61903292,"remaining_time":6.94796698},
{"learn":[0.4975334627],"iteration":799,"passed_time":27.64331033,"remaining_time":6.910827583},
{"learn":[0.4971330797],"iteration":800,"passed_time":27.66890695,"remaining_time":6.874048044},
{"learn":[0.4971118278],"iteration":801,"passed_time":27.69261139,"remaining_time":6.836829246},
{"learn":[0.4965464981],"iteration":802,"passed_time":27.71850014,"remaining_time":6.800179985},
{"learn":[0.4960079716],"iteration":803,"passed_time":27.74410819,"remaining_time":6.763489061},
{"learn":[0.4956912151],"iteration":804,"passed_time":27.76862569,"remaining_time":6.726561503},
{"learn":[0.4953288051],"iteration":805,"passed_time":27.79360293,"remaining_time":6.689775394},
{"learn":[0.4949138221],"iteration":806,"passed_time":27.81967232,"remaining_time":6.653279749},
{"learn":[0.4946282074],"iteration":807,"passed_time":27.84471123,"remaining_time":6.616565045},
{"learn":[0.4943532789],"iteration":808,"passed_time":27.87000835,"remaining_time":6.579940168},
{"learn":[0.4939919413],"iteration":809,"passed_time":27.89543341,"remaining_time":6.54337327},
{"learn":[0.4936924748],"iteration":810,"passed_time":27.92120658,"remaining_time":6.506914974},
{"learn":[0.4933154282],"iteration":811,"passed_time":27.95219131,"remaining_time":6.471689615},
{"learn":[0.4928571931],"iteration":812,"passed_time":27.98695842,"remaining_time":6.437344679},
{"learn":[0.4924943725],"iteration":813,"passed_time":28.01241522,"remaining_time":6.400871291},
{"learn":[0.4921934963],"iteration":814,"passed_time":28.03909797,"remaining_time":6.36470322},
{"learn":[0.4921728104],"iteration":815,"passed_time":28.06269148,"remaining_time":6.327861803},
{"learn":[0.4919315514],"iteration":816,"passed_time":28.08725312,"remaining_time":6.291269671},
{"learn":[0.4915201097],"iteration":817,"passed_time":28.11251181,"remaining_time":6.254862041},
{"learn":[0.4912329614],"iteration":818,"passed_time":28.14061976,"remaining_time":6.219111327},
{"learn":[0.4907528918],"iteration":819,"passed_time":28.16835063,"remaining_time":6.183296479},
{"learn":[0.4902573241],"iteration":820,"passed_time":28.19677558,"remaining_time":6.147652654},
{"learn":[0.4898587179],"iteration":821,"passed_time":28.22203112,"remaining_time":6.111340073},
{"learn":[0.4893856952],"iteration":822,"passed_time":28.24769681,"remaining_time":6.07514257},
{"learn":[0.4887885728],"iteration":823,"passed_time":28.27366879,"remaining_time":6.039036052},
{"learn":[0.4884229818],"iteration":824,"passed_time":28.29909732,"remaining_time":6.002838826},
{"learn":[0.488107577],"iteration":825,"passed_time":28.32454039,"remaining_time":5.966670735},
{"learn":[0.4878711464],"iteration":826,"passed_time":28.35009881,"remaining_time":5.930552713},
{"learn":[0.4874142765],"iteration":827,"passed_time":28.37523768,"remaining_time":5.894373044},
{"learn":[0.4869624836],"iteration":828,"passed_time":28.4001401,"remaining_time":5.858171239},
{"learn":[0.4865460351],"iteration":829,"passed_time":28.42579001,"remaining_time":5.82214976},
{"learn":[0.4862194833],"iteration":830,"passed_time":28.45130573,"remaining_time":5.786125956},
{"learn":[0.4857940597],"iteration":831,"passed_time":28.47709998,"remaining_time":5.750183651},
{"learn":[0.4854703727],"iteration":832,"passed_time":28.50201108,"remaining_time":5.714088655},
{"learn":[0.4848325386],"iteration":833,"passed_time":28.5285485,"remaining_time":5.678344186},
{"learn":[0.4845732094],"iteration":834,"passed_time":28.55378118,"remaining_time":5.642363945},
{"learn":[0.4842917374],"iteration":835,"passed_time":28.58081569,"remaining_time":5.606762886},
{"learn":[0.4842738362],"iteration":836,"passed_time":28.60476619,"remaining_time":5.570581707},
{"learn":[0.4841830957],"iteration":837,"passed_time":28.62959559,"remaining_time":5.534599625},
{"learn":[0.4837969518],"iteration":838,"passed_time":28.65480921,"remaining_time":5.498717858},
{"learn":[0.4837795193],"iteration":839,"passed_time":28.67839217,"remaining_time":5.462550889},
{"learn":[0.4834519285],"iteration":840,"passed_time":28.70297138,"remaining_time":5.4266022},
{"learn":[0.4828077445],"iteration":841,"passed_time":28.72776512,"remaining_time":5.39072077},
{"learn":[0.4824091492],"iteration":842,"passed_time":28.7529449,"remaining_time":5.354937543},
{"learn":[0.4820790615],"iteration":843,"passed_time":28.77868228,"remaining_time":5.319282507},
{"learn":[0.4817209804],"iteration":844,"passed_time":28.80335284,"remaining_time":5.283455254},
{"learn":[0.4817030722],"iteration":845,"passed_time":28.82722582,"remaining_time":5.247509191},
{"learn":[0.4812978425],"iteration":846,"passed_time":28.85267006,"remaining_time":5.211875465},
{"learn":[0.4810457148],"iteration":847,"passed_time":28.87917933,"remaining_time":5.176456672},
{"learn":[0.4809223766],"iteration":848,"passed_time":28.90430971,"remaining_time":5.140813623},
{"learn":[0.4809059137],"iteration":849,"passed_time":28.92841125,"remaining_time":5.105013751},
{"learn":[0.4804823145],"iteration":850,"passed_time":28.97045692,"remaining_time":5.072383174},
{"learn":[0.4800161782],"iteration":851,"passed_time":28.99697506,"remaining_time":5.037033227},
{"learn":[0.4796189308],"iteration":852,"passed_time":29.02320906,"remaining_time":5.00165502},
{"learn":[0.4792232394],"iteration":853,"passed_time":29.04837302,"remaining_time":4.966115293},
{"learn":[0.4788719352],"iteration":854,"passed_time":29.07289438,"remaining_time":4.93049086},
{"learn":[0.4786005027],"iteration":855,"passed_time":29.1010613,"remaining_time":4.895505639},
{"learn":[0.4785844797],"iteration":856,"passed_time":29.12476337,"remaining_time":4.859791321},
{"learn":[0.4783110458],"iteration":857,"passed_time":29.14990541,"remaining_time":4.824343319},
{"learn":[0.478276598],"iteration":858,"passed_time":29.17434048,"remaining_time":4.788803268},
{"learn":[0.4780469053],"iteration":859,"passed_time":29.19912952,"remaining_time":4.753346666},
{"learn":[0.4777474862],"iteration":860,"passed_time":29.22385527,"remaining_time":4.717904625},
{"learn":[0.4773702974],"iteration":861,"passed_time":29.24886151,"remaining_time":4.682532354},
{"learn":[0.477133236],"iteration":862,"passed_time":29.27386815,"remaining_time":4.647184168},
{"learn":[0.4769072262],"iteration":863,"passed_time":29.29924303,"remaining_time":4.611917885},
{"learn":[0.4767669574],"iteration":864,"passed_time":29.32570837,"remaining_time":4.576844659},
{"learn":[0.4765062899],"iteration":865,"passed_time":29.35038892,"remaining_time":4.541515144},
{"learn":[0.4762149636],"iteration":866,"passed_time":29.37737663,"remaining_time":4.506564119},
{"learn":[0.47576573],"iteration":867,"passed_time":29.40319825,"remaining_time":4.471454112},
{"learn":[0.4754320595],"iteration":868,"passed_time":29.42796605,"remaining_time":4.43620662},
{"learn":[0.4749320046],"iteration":869,"passed_time":29.45294191,"remaining_time":4.401014308},
{"learn":[0.4746362232],"iteration":870,"passed_time":29.4770102,"remaining_time":4.36571104},
{"learn":[0.4742195117],"iteration":871,"passed_time":29.50268571,"remaining_time":4.330669462},
{"learn":[0.4739285473],"iteration":872,"passed_time":29.52755417,"remaining_time":4.295531935},
{"learn":[0.4735390737],"iteration":873,"passed_time":29.55439813,"remaining_time":4.260702706},
{"learn":[0.473204494],"iteration":874,"passed_time":29.58056677,"remaining_time":4.225795253},
{"learn":[0.4727341486],"iteration":875,"passed_time":29.6066495,"remaining_time":4.190895592},
{"learn":[0.4726175668],"iteration":876,"passed_time":29.63172183,"remaining_time":4.155874327},
{"learn":[0.4723235556],"iteration":877,"passed_time":29.6571114,"remaining_time":4.120919807},
{"learn":[0.4719144831],"iteration":878,"passed_time":29.68286481,"remaining_time":4.086037135},
{"learn":[0.4717757887],"iteration":879,"passed_time":29.7083447,"remaining_time":4.051137913},
{"learn":[0.4715677326],"iteration":880,"passed_time":29.73417998,"remaining_time":4.016308079},
{"learn":[0.4713311492],"iteration":881,"passed_time":29.7597666,"remaining_time":3.981465373},
{"learn":[0.4709480707],"iteration":882,"passed_time":29.78546256,"remaining_time":3.94665812},
{"learn":[0.4709172757],"iteration":883,"passed_time":29.81039138,"remaining_time":3.911770815},
{"learn":[0.4707048333],"iteration":884,"passed_time":29.83567301,"remaining_time":3.87695186},
{"learn":[0.4705144336],"iteration":885,"passed_time":29.86287589,"remaining_time":3.842401638},
{"learn":[0.4702604394],"iteration":886,"passed_time":29.88984016,"remaining_time":3.807837586},
{"learn":[0.4700477698],"iteration":887,"passed_time":29.91565393,"remaining_time":3.773145541},
{"learn":[0.4696882775],"iteration":888,"passed_time":29.94263681,"remaining_time":3.738619445},
{"learn":[0.4693721877],"iteration":889,"passed_time":29.98454074,"remaining_time":3.705954473},
{"learn":[0.4691280618],"iteration":890,"passed_time":30.00985409,"remaining_time":3.671239164},
{"learn":[0.4688319953],"iteration":891,"passed_time":30.03537804,"remaining_time":3.636570436},
{"learn":[0.4684479632],"iteration":892,"passed_time":30.0612811,"remaining_time":3.601967612},
{"learn":[0.4681958641],"iteration":893,"passed_time":30.08941215,"remaining_time":3.567648421},
{"learn":[0.4680636738],"iteration":894,"passed_time":30.11409667,"remaining_time":3.532938716},
{"learn":[0.4676946791],"iteration":895,"passed_time":30.14018325,"remaining_time":3.498414127},
{"learn":[0.4671467377],"iteration":896,"passed_time":30.16697528,"remaining_time":3.463989358},
{"learn":[0.4668415193],"iteration":897,"passed_time":30.19523736,"remaining_time":3.429748564},
{"learn":[0.4665293931],"iteration":898,"passed_time":30.22166328,"remaining_time":3.395314784},
{"learn":[0.4662072357],"iteration":899,"passed_time":30.24902751,"remaining_time":3.361003057},
{"learn":[0.4660925827],"iteration":900,"passed_time":30.27447765,"remaining_time":3.326496434},
{"learn":[0.4660757158],"iteration":901,"passed_time":30.2988801,"remaining_time":3.291896064},
{"learn":[0.4658006546],"iteration":902,"passed_time":30.32457705,"remaining_time":3.257457335},
{"learn":[0.4655695907],"iteration":903,"passed_time":30.34991831,"remaining_time":3.223000175},
{"learn":[0.4651857823],"iteration":904,"passed_time":30.37615098,"remaining_time":3.188656733},
{"learn":[0.4647749477],"iteration":905,"passed_time":30.40249842,"remaining_time":3.154343103},
{"learn":[0.4643637282],"iteration":906,"passed_time":30.42866853,"remaining_time":3.120028857},
{"learn":[0.4641528885],"iteration":907,"passed_time":30.45481808,"remaining_time":3.085730467},
{"learn":[0.4638011231],"iteration":908,"passed_time":30.48117513,"remaining_time":3.051470778},
{"learn":[0.4633734348],"iteration":909,"passed_time":30.50754114,"remaining_time":3.017229344},
{"learn":[0.4629905084],"iteration":910,"passed_time":30.53506093,"remaining_time":2.983117917},
{"learn":[0.4625231539],"iteration":911,"passed_time":30.56203492,"remaining_time":2.948968282},
{"learn":[0.4625039227],"iteration":912,"passed_time":30.58652727,"remaining_time":2.914597889},
{"learn":[0.4621032942],"iteration":913,"passed_time":30.61316875,"remaining_time":2.880451327},
{"learn":[0.461716682],"iteration":914,"passed_time":30.63921797,"remaining_time":2.84626615},
{"learn":[0.4614653478],"iteration":915,"passed_time":30.6649104,"remaining_time":2.81206602},
{"learn":[0.4610940972],"iteration":916,"passed_time":30.69072532,"remaining_time":2.777895531},
{"learn":[0.4609105956],"iteration":917,"passed_time":30.71679321,"remaining_time":2.743765842},
{"learn":[0.4606185957],"iteration":918,"passed_time":30.74287015,"remaining_time":2.709654496},
{"learn":[0.4602000655],"iteration":919,"passed_time":30.76904048,"remaining_time":2.675568737},
{"learn":[0.4601730335],"iteration":920,"passed_time":30.79376497,"remaining_time":2.641376148},
{"learn":[0.4599782697],"iteration":921,"passed_time":30.82004518,"remaining_time":2.607335709},
{"learn":[0.4595570443],"iteration":922,"passed_time":30.84581733,"remaining_time":2.573269702},
{"learn":[0.4592727236],"iteration":923,"passed_time":30.87178339,"remaining_time":2.539237595},
{"learn":[0.4590010717],"iteration":924,"passed_time":30.89771431,"remaining_time":2.50522008},
{"learn":[0.4589862105],"iteration":925,"passed_time":30.92199823,"remaining_time":2.471088411},
{"learn":[0.4586305887],"iteration":926,"passed_time":30.95573619,"remaining_time":2.437722484},
{"learn":[0.4586160926],"iteration":927,"passed_time":30.98917714,"remaining_time":2.404332709},
{"learn":[0.4582939014],"iteration":928,"passed_time":31.01462768,"remaining_time":2.370332148},
{"learn":[0.4580071593],"iteration":929,"passed_time":31.03971079,"remaining_time":2.336322318},
{"learn":[0.4579565391],"iteration":930,"passed_time":31.06729166,"remaining_time":2.302516783},
{"learn":[0.457931505],"iteration":931,"passed_time":31.09252137,"remaining_time":2.268553061},
{"learn":[0.4577226623],"iteration":932,"passed_time":31.11898961,"remaining_time":2.234697003},
{"learn":[0.4575191444],"iteration":933,"passed_time":31.14419547,"remaining_time":2.20076756},
{"learn":[0.4571688965],"iteration":934,"passed_time":31.17071733,"remaining_time":2.166948263},
{"learn":[0.4569635798],"iteration":935,"passed_time":31.19625097,"remaining_time":2.133076989},
{"learn":[0.4565137877],"iteration":936,"passed_time":31.22111579,"remaining_time":2.099178543},
{"learn":[0.4563970772],"iteration":937,"passed_time":31.24687568,"remaining_time":2.065358521},
{"learn":[0.4562071489],"iteration":938,"passed_time":31.27210303,"remaining_time":2.03152107},
{"learn":[0.456194051],"iteration":939,"passed_time":31.29641407,"remaining_time":1.997643451},
{"learn":[0.4559532381],"iteration":940,"passed_time":31.32246692,"remaining_time":1.963895375},
{"learn":[0.4554878275],"iteration":941,"passed_time":31.34866276,"remaining_time":1.930172442},
{"learn":[0.4552121941],"iteration":942,"passed_time":31.3751458,"remaining_time":1.896482832},
{"learn":[0.4548354188],"iteration":943,"passed_time":31.40150421,"remaining_time":1.862801097},
{"learn":[0.4544065777],"iteration":944,"passed_time":31.4274096,"remaining_time":1.829108495},
{"learn":[0.4540197543],"iteration":945,"passed_time":31.45348468,"remaining_time":1.795442043},
{"learn":[0.4537460015],"iteration":946,"passed_time":31.48074038,"remaining_time":1.761857698},
{"learn":[0.4534138727],"iteration":947,"passed_time":31.50667448,"remaining_time":1.728214212},
{"learn":[0.4530951805],"iteration":948,"passed_time":31.53335726,"remaining_time":1.694627208},
{"learn":[0.4528738804],"iteration":949,"passed_time":31.55863015,"remaining_time":1.660980534},
{"learn":[0.4524868152],"iteration":950,"passed_time":31.58518611,"remaining_time":1.627417581},
{"learn":[0.4522137897],"iteration":951,"passed_time":31.61100998,"remaining_time":1.593832436},
{"learn":[0.4519463699],"iteration":952,"passed_time":31.63623297,"remaining_time":1.560233945},
{"learn":[0.451659501],"iteration":953,"passed_time":31.66236822,"remaining_time":1.526697},
{"learn":[0.4513799187],"iteration":954,"passed_time":31.68874692,"remaining_time":1.493187028},
{"learn":[0.4510464629],"iteration":955,"passed_time":31.7188619,"remaining_time":1.459863937},
{"learn":[0.450666269],"iteration":956,"passed_time":31.74446359,"remaining_time":1.426344759},
{"learn":[0.4503973235],"iteration":957,"passed_time":31.77083733,"remaining_time":1.392875958},
{"learn":[0.4499530569],"iteration":958,"passed_time":31.79813744,"remaining_time":1.359461559},
{"learn":[0.4498382614],"iteration":959,"passed_time":31.82305685,"remaining_time":1.325960702},
{"learn":[0.4495190294],"iteration":960,"passed_time":31.84881583,"remaining_time":1.292511777},
{"learn":[0.4494009716],"iteration":961,"passed_time":31.87507264,"remaining_time":1.259098503},
{"learn":[0.4493865052],"iteration":962,"passed_time":31.89949663,"remaining_time":1.225629673},
{"learn":[0.4489993003],"iteration":963,"passed_time":31.92792221,"remaining_time":1.192329045},
{"learn":[0.4489861968],"iteration":964,"passed_time":31.9620368,"remaining_time":1.159244858},
{"learn":[0.4486096619],"iteration":965,"passed_time":31.99203395,"remaining_time":1.126013617},
{"learn":[0.4484048326],"iteration":966,"passed_time":32.0186352,"remaining_time":1.092673176},
{"learn":[0.4481273736],"iteration":967,"passed_time":32.04541023,"remaining_time":1.059352404},
{"learn":[0.4480819973],"iteration":968,"passed_time":32.07445498,"remaining_time":1.026117755},
{"learn":[0.4477500496],"iteration":969,"passed_time":32.10026481,"remaining_time":0.9927916952},
{"learn":[0.4476035022],"iteration":970,"passed_time":32.12606097,"remaining_time":0.9594807087},
{"learn":[0.44751882],"iteration":971,"passed_time":32.15168017,"remaining_time":0.9261800871},
{"learn":[0.4473297618],"iteration":972,"passed_time":32.17636482,"remaining_time":0.8928693217},
{"learn":[0.4470618504],"iteration":973,"passed_time":32.20210927,"remaining_time":0.8596045597},
{"learn":[0.446730006],"iteration":974,"passed_time":32.22855583,"remaining_time":0.8263732264},
{"learn":[0.4463887871],"iteration":975,"passed_time":32.25588545,"remaining_time":0.793177511},
{"learn":[0.4461343879],"iteration":976,"passed_time":32.28309318,"remaining_time":0.7599909346},
{"learn":[0.4459648386],"iteration":977,"passed_time":32.30885838,"remaining_time":0.7267841353},
{"learn":[0.4456357082],"iteration":978,"passed_time":32.33456497,"remaining_time":0.6935912814},
{"learn":[0.4452701922],"iteration":979,"passed_time":32.36011576,"remaining_time":0.6604105258},
{"learn":[0.4450894264],"iteration":980,"passed_time":32.38491327,"remaining_time":0.6272307361},
{"learn":[0.4447010489],"iteration":981,"passed_time":32.41009692,"remaining_time":0.5940750964},
{"learn":[0.4446841155],"iteration":982,"passed_time":32.43429448,"remaining_time":0.5609186227},
{"learn":[0.444294834],"iteration":983,"passed_time":32.46150164,"remaining_time":0.527829295},
{"learn":[0.44402505],"iteration":984,"passed_time":32.48804559,"remaining_time":0.494741811},
{"learn":[0.444010685],"iteration":985,"passed_time":32.51231891,"remaining_time":0.4616353597},
{"learn":[0.4439961716],"iteration":986,"passed_time":32.53633409,"remaining_time":0.4285434074},
{"learn":[0.4436349598],"iteration":987,"passed_time":32.5622167,"remaining_time":0.3954925105},
{"learn":[0.4431179798],"iteration":988,"passed_time":32.58797855,"remaining_time":0.3624547665},
{"learn":[0.4428819696],"iteration":989,"passed_time":32.61222682,"remaining_time":0.3294164325},
{"learn":[0.4425705238],"iteration":990,"passed_time":32.63772113,"remaining_time":0.2964071545},
{"learn":[0.4422022568],"iteration":991,"passed_time":32.66380499,"remaining_time":0.2634177822},
{"learn":[0.4419223365],"iteration":992,"passed_time":32.68940422,"remaining_time":0.2304389019},
{"learn":[0.4415534634],"iteration":993,"passed_time":32.71464112,"remaining_time":0.1974726828},
{"learn":[0.441287906],"iteration":994,"passed_time":32.74059449,"remaining_time":0.1645256005},
{"learn":[0.4406939324],"iteration":995,"passed_time":32.76743485,"remaining_time":0.1315961239},
{"learn":[0.4403054468],"iteration":996,"passed_time":32.79340799,"remaining_time":0.09867625272},
{"learn":[0.4398203194],"iteration":997,"passed_time":32.82117266,"remaining_time":0.0657738931},
{"learn":[0.4397413781],"iteration":998,"passed_time":32.84623772,"remaining_time":0.03287911684},
{"learn":[0.439495951],"iteration":999,"passed_time":32.87196216,"remaining_time":0}
]}