smiles,log S
BrC(Br)(Br)Br,-3.14
BrC(Br)Br,-1.87357
BrC1CCCCC1,-2.29684
BrC=CBr,-1.32
BrCBr,-1.16821
BrCCBr,-1.67143
BrCCCBr,-2.07737
Brc1ccc(Br)c(Br)c1,-4.49929
Brc1ccc(Br)cc1,-4.07071
Brc1ccc2ccccc2c1,-4.4
Brc1cccc(Br)c1,-3.54107
Brc1cccc(Br)c1Br,-5.04
Brc1cccc2ccccc12,-4.34893
Brc1ccccc1,-2.54893
Brc1ccccc1Br,-3.5
C#CC(C)N(C)C(=O)Nc1ccc(Cl)cc1,-3.89893
C#CC1(O)CCC2C3CCC4=CC(=O)CCC4(C)C3CCC21C,-5.65929
C#CC1(O)CCC2C3CCC4=CC(=O)CCC4C3CCC21C,-4.6
C#CC1(O)CCC2C3CCc4cc(O)ccc4C3CCC21C,-4.3425
C#CC1(OC(C)=O)CCC2C3CCC4=CC(=O)CCC4C3CCC21C,-4.79107
C#CCCC,-1.63893
C#CCCCC,-2.33036
C#CCCCCC,-3.01
C#CCCCCCC,-3.66071
C#CCCCCCCC,-4.18786
C1=CC=CCC=C1,-2.16158
C1=CCC=CC1,-2.03071
C1=CCCC1,-2.10179
C1=CCCCC1,-2.58857
C1=Cc2cccc3cccc1c23,-3.96571
C1CCCC1,-2.64464
C1CCCCC1,-3.13036
C1CCCCCC1,-3.515
C1CCCCCCC1,-4.15071
C1CCN2CC3CC(CN4CCCCC34)C2C1,-1.88842
C1CCNC1,1.14895
C1CCNCC1,1.07
C1CCOC1,0.525
C1CCOC1,1.142
C1CCOCC1,-0.0303571
C1CNCCN1,1.06737
C1COCCN1,1.06
C=C(C(=O)O)c1ccccc1,-2.05842
C=C(C)C(=O)O,0.0121053
C=C(C)C(=O)OC,-0.812632
C=C(C)C1CC=C(C)C(=O)C1,-2.06107
C=C(C)C1CC=C(C)CC1,-4.11714
C=C(C)C1CCC(C)C(=O)C1,-2.18
C=C(C)C1Cc2c(ccc3c2OC2COc4cc(OC)c(OC)cc4C2C3=O)O1,-4.42
C=C(Cl)CSC(=S)N(CC)CC,-3.37571
C=C(Cl)Cl,-1.63786
C=C1CC23CC1(O)CCC2C12C=CC(O)C(C)(C(=O)O1)C2C3C(=O)O,-1.84053
C=CC#N,0.148929
C=CC(=C)C,-2.03143
C=CC(=O)CCC,-0.83
C=CC(=O)OC,-0.2275
C=CC(=O)OCC,-0.784211
C=CC(=O)OCC(C)C,-1.853
C=CC(=O)OCC(C)C,-1.21
C=CC(C)(O)CCC=C(C)C,-1.98893
C=CC(N)=O,0.956842
C=CC1CN2CCC1CC2C(O)c1ccnc2ccc(OC)cc12,-3.37
C=CC1CN2CCC1CC2C(O)c1ccnc2ccc(OC)cc12,-2.76
C=CC1CN2CCC1CC2C(O)c1ccnc2ccccc12,-3.08
C=CC=C,-1.86893
C=CC=O,0.572857
C=CCBr,-1.5
C=CCC(C)C,-3.24211
C=CCC1(C(C)C)C(=O)NC(=O)NC1=O,-1.71007
C=CCC1(C(C)CCC)C(=O)NC(=S)NC1=O,-3.45929
C=CCC1(CC=C)C(=O)NC(=O)NC1=O,-2.06582
C=CCC1(c2ccccc2)C(=O)NC(=O)NC1=O,-2.23075
C=CCC=C,-2.08893
C=CCCC,-2.67857
C=CCCC=C,-2.6825
C=CCCCC,-3.22857
C=CCCCCCC,-4.43893
C=CCCCCCCC,-5.05071
C=CCCCCCCCCC(=O)O,-3.39895
C=CCCl,-1.884
C=CCCl,-1.36
C=CCN(CC=C)C(=O)C(Cl)Cl,-1.61947
C=CCOC(=O)c1ccccc1C(=O)OCC=C,-3.13053
C=CCS[S+]([O-])CC=C,-0.83
C=CCc1ccc(O)c(OC)c1,-1.56071
C=CCc1ccc(OC)cc1,-2.92
C=COCC,-0.852857
C=Cc1ccccc1,-2.715
CC(=O)C1(C)CCC2C3C=C(C)C4=CC(=O)CCC4(C)C3CCC21C,-5.27
CC(=O)C1(O)CCC2C3CC(C)C4=CC(=O)C=CC4(C)C3(F)C(O)CC21C,-4.09932
CC(=O)C1(O)CCC2C3CCC4=CC(=O)CCC4(C)C3CCC21C,-4.70895
CC(=O)C1(O)CCC2C3CCC4=CC(=O)CCC4(C)C3CCC21C,-3.817
CC(=O)C1CCC2C3CC=C4CC(O)CCC4(C)C3CCC12C,-4.65071
CC(=O)C1CCC2C3CCC4=CC(=O)CCC4(C)C3CCC12C,-4.47071
CC(=O)CC(=O)C(C)(C)C,-1.63
CC(=O)CC(=O)CC(C)C,-1.6
CC(=O)CC(C)=O,0.22
CC(=O)CC(C)C,-1.42
CC(=O)CC(C)C,-0.730526
CC(=O)CC(c1ccccc1)c1c(O)c2ccccc2oc1=O,-4.02275
CC(=O)CC1CCCCN1,-0.45
CC(=O)CCC(C)C,-1.32737
CC(=O)CCC1C(=O)N(c2ccccc2)N(c2ccccc2)C1=O,-3.27
CC(=O)N(C)C,1.09214
CC(=O)N(C)c1ccccc1,-0.950526
CC(=O)N(c1onc(C)c1C)S(=O)(=O)c1ccc(N)cc1,-3.59
CC(=O)N=c1sc(S(N)(=O)=O)nn1C,-1.83
CC(=O)NC(N)=O,-0.9
CC(=O)NS(=O)(=O)c1ccc(N)cc1,-1.23211
CC(=O)Nc1cc(NS(=O)(=O)C(F)(F)F)c(C)cc1C,-3.23893
CC(=O)Nc1ccc(Br)cc1,-3.0815
CC(=O)Nc1ccc(C=O)cc1,-1.58
CC(=O)Nc1ccc(Cl)cc1,-2.8415
CC(=O)Nc1ccc(F)cc1,-1.78
CC(=O)Nc1ccc(I)cc1,-3.25
CC(=O)Nc1ccc(N)cc1,-0.98
CC(=O)Nc1ccc(O)cc1,-1.03107
CC(=O)Nc1ccc(OC(C)=O)cc1,-1.90895
CC(=O)Nc1ccc(S(N)(=O)=O)cc1,-1.60842
CC(=O)Nc1ccc([N+](=O)[O-])cc1,-2.691
CC(=O)Nc1cccc(C)c1,-2.09053
CC(=O)Nc1ccccc1,-1.31571
CC(=O)Nc1ccccc1Cl,-1.4
CC(=O)Nc1ccccc1O,-2.23737
CC(=O)Nc1ccccc1[N+](=O)[O-],-1.90947
CC(=O)Nc1nnc(S(N)(=O)=O)s1,-2.35857
CC(=O)O,1.22053
CC(=O)OC(C)C,-0.538929
CC(=O)OC1(C(=O)CO)C(C)CC2C3CCC4=CC(=O)C=CC4(C)C3(F)C(O)CC21C,-4.9
CC(=O)OC1(C(C)=O)CCC2C3C=C(C)C4=CC(=O)CCC4(C)C3CCC21C,-5.32643
CC(=O)OC1(C(C)=O)CCC2C3C=C(Cl)C4=CC(=O)C=CC4(C)C3CCC21C,-4.94737
CC(=O)OC1CCC2(C)C(=CCC3C4CCC(=O)C4(C)CCC32)C1,-4.46
CC(=O)OC1CCCCC1,-1.67
CC(=O)OCC(=O)C1(O)C(OC(C)=O)CC2C3CCC4=CC(=O)C=CC4(C)C3(F)C(O)CC21C,-4.13
CC(=O)OCC(=O)C1(O)CCC2C3CCC4=CC(=O)C=CC4(C)C3C(O)CC21C,-4.36964
CC(=O)OCC(=O)C1(O)CCC2C3CCC4=CC(=O)CCC4(C)C3C(=O)CC21C,-4.17607
CC(=O)OCC(=O)C1(O)CCC2C3CCC4=CC(=O)CCC4(C)C3C(O)CC21C,-4.54286
CC(=O)OCC(=O)C1CCC2C3CCC4=CC(=O)CCC4(C)C3CCC12C,-4.63
CC(=O)OCC(COC(C)=O)OC(C)=O,-0.591071
CC(=O)OCCC(C)C,-1.88214
CC(=O)OCCN1CCN(CCCN2c3ccccc3Sc3ccc(Cl)cc32)CC1,-4.7
CC(=O)Oc1c(C(C)(C)C)cc([N+](=O)[O-])c(C)c1[N+](=O)[O-],-4.47105
CC(=O)Oc1ccccc1C(=O)O,-1.60105
CC(=O)SC1CC2=CC(=O)CCC2(C)C2CCC3(C)C(CCC34CCC(=O)O4)C12,-4.24454
CC(=O)c1ccc(N)cc1,-1.60789
CC(=O)c1ccc(S(=O)(=O)NC(=O)NC2CCCCC2)cc1,-2.06
CC(=O)c1cccc(N)c1,-1.28
CC(=O)c1ccccc1,-1.28429
CC(Br)CBr,-2.14526
CC(C(=O)O)c1ccc(-c2ccccc2)c(F)c1,-4.48737
CC(C(=O)O)c1cccc(C(=O)c2ccccc2)c1,-3.69895
CC(C)(C(=O)O)C(C)(CC(=O)O)C(=O)O,-0.29
CC(C)(C)C(=O)C(Oc1ccc(Cl)cc1)n1cncn1,-3.61143
CC(C)(C)C(=O)C1C(=O)c2ccccc2C1=O,-4.10842
CC(C)(C)C(=O)OCC(=O)C1(O)CCC2C3CCC4=CC(=O)C=CC4(C)C3C(O)CC21C,-4.58158
CC(C)(C)C(C)(C)O,-0.721579
CC(C)(C)CC(=O)OCC(=O)C1(O)CCC2C3CCC4=CC(=O)CCC4(C)C3C(O)CC21C,-5.51053
CC(C)(C)CCCO,-1.55053
CC(C)(C)CCO,-0.5
CC(C)(C)CO,-0.400357
CC(C)(C)COC(N)=O,-0.8
CC(C)(C)NCC(O)c1ccc(O)c(CO)c1,-1.22211
CC(C)(C)OC(N)=O,0.1
CC(C)(C)c1ccc(O)cc1,-2.41107
CC(C)(C)c1ccccc1,-3.65929
CC(C)(C)c1nnc(NS(=O)(=O)c2ccc(N)cc2)s1,-3.74
CC(C)(S)C(N)C(=O)O,-0.128947
CC(C)(c1ccc(O)cc1)c1ccc(O)cc1,-3.06158
CC(C)=CC1C(C(=O)OCc2cccc(Oc3ccccc3)c2)C1(C)C,-5.24
CC(C)=CCCC(C)=CC=O,-2.05821
CC(C)Br,-1.60464
CC(C)C(=O)O,0.278947
CC(C)C(C)(C)O,-0.410526
CC(C)C(C)CO,-0.39
CC(C)C(C)O,-0.1925
CC(C)C(O)C(C)C,-1.22
CC(C)C1=CC2=CCC3C(C)(C(=O)O)CCCC3(C)C2CC1,-3.8
CC(C)CBr,-2.43071
CC(C)CC(C)(C)O,-0.934643
CC(C)CC(C)C,-4.26036
CC(C)CC(C)CO,-1.6
CC(C)CC(C)O,-0.798214
CC(C)CCBr,-2.88842
CC(C)CCC(C)O,-1.38
CC(C)CCCO,-1.14
CC(C)CCO,-0.516429
CC(C)CCOC(=O)c1ccccc1O,-3.15842
CC(C)CCl,-2
CC(C)CNC(=O)N1CCNC1=O,-2.15
CC(C)CO,0.0660714
CC(C)COC(=O)c1ccccc1C(=O)OCC(C)C,-4.65579
CC(C)COC(N)=O,-0.3
CC(C)COC=O,-1.00679
CC(C)Cc1ccc(C(C)C(=O)NO)cc1,-3.04
CC(C)Cc1ccc(C(C)C(=O)O)cc1,-3.99
CC(C)Cc1ccccc1,-4.12
CC(C)Cl,-1.40786
CC(C)I,-2.08786
CC(C)N(C(=O)CCl)c1ccccc1,-2.48036
CC(C)N(C(=O)SCC(Cl)=C(Cl)Cl)C(C)C,-4.88
CC(C)N(C(=O)SCC(Cl)=CCl)C(C)C,-4.183
CC(C)N1C(=O)c2ccccc2NS1(=O)=O,-2.68105
CC(C)Nc1nc(Cl)nc(NC(C)C)n1,-4.42893
CC(C)OC(=O)C(O)(c1ccc(Br)cc1)c1ccc(Br)cc1,-4.93107
CC(C)OC(=O)C(O)(c1ccc(Cl)cc1)c1ccc(Cl)cc1,-4.53
CC(C)OC(=O)Nc1cccc(Cl)c1,-3.38
CC(C)OC(C)C,-1.708
CC(C)OC(C)C,-1.1
CC(C)OP(=S)(OC(C)C)SCCNS(=O)(=O)c1ccccc1,-4.2
CC(C)Oc1cc(-n2nc(C(C)(C)C)oc2=O)c(Cl)cc1Cl,-5.693
CC(C)[N+](=O)[O-],-0.618214
CC(C)c1ccc(NC(=O)N(C)C)cc1,-3.53729
CC(C)c1ccccc1,-3.27786
CC(CCC(=O)NCC(=O)O)C1CCC2C3C(O)CC4CC(O)CCC4(C)C3CC(O)C12C,-5.15
CC(CCC(=O)O)C1CCC2C3C(O)CC4CC(O)CCC4(C)C3CC(O)C12C,-3.36895
CC(CCC(=O)O)C1CCC2C3C(O)CC4CC(O)CCC4(C)C3CCC12C,-3.96579
CC(CCC(=O)O)C1CCC2C3CC(O)C4CC(O)CCC4(C)C3CC(O)C12C,-4.35
CC(CCC(=O)O)C1CCC2C3CC(O)C4CC(O)CCC4(C)C3CCC12C,-3.82
CC(CCC(=O)O)C1CCC2C3CCC4CC(O)CCC4(C)C3CC(O)C12C,-3.95211
CC(CN1c2ccccc2Sc2ccccc21)N(C)C,-4.26
CC(Cl)(Cl)Cl,-1.98286
CC(Cl)C(C)(C)Cl,-2.69
CC(Cl)C(C)Cl,-2.51789
CC(Cl)CCl,-1.60214
CC(Cl)Cl,-1.29036
CC(N)=O,1.58036
CC(N)CC(=O)O,1.03105
CC(O)C(C)(C)C,-0.621429
CC(O)C(F)(F)F,0.3
CC(O)C(N)C(=O)O,-0.0894737
CC(O)c1ccccc1,-0.92
CC(Oc1ccc(Cl)cc1Cl)C(=O)O,-2.64842
CC(Oc1ccccc1Cl)C(=O)O,-2.22
CC1(C(=O)O)CCC(C(=O)O)C1(C)C,-1.42
CC1(C)C(=O)N(Cl)C(=O)N1Cl,-2.6
CC1(C)C(C=C(Cl)Cl)C1C(=O)OCc1cccc(Oc2ccccc2)c1,-6.99
CC1(C)C(C=C(Cl)Cl)C1C(=O)OCc1cccc(Oc2ccccc2)c1,-6.2905
CC1(C)C2CCC1(C)C(O)C2,-2.31964
CC1(C)OC2CC3C4CCC5=CC(=O)C=CC5(C)C4(F)C(O)CC3(C)C2(C(=O)CO)O1,-4.31536
CC12C=CC(=O)C=C1CCC1C2C(O)CC2(C)C1CCC2(O)C(=O)CO,-3.2
CC12C=CC(=O)C=C1CCC1C3CC(O)C(O)(C(=O)CO)C3(C)CC(O)C12F,-3.68786
CC12CC(=O)C3C(CCC4=CC(=O)CCC43C)C1CCC2=O,-3.48
CC12CC(O)C3C(CCC4CC(O)CCC43C)C1CCC2=O,-3.59
CC12CCC(=O)C=C1CCC1C2C(=O)CC2(C)C1CCC2(O)C(=O)CO,-3.11
CC12CCC(=O)C=C1CCC1C2C(O)CC2(C)C1CCC2(O)C(=O)CO,-3.03857
CC12CCC(=O)C=C1CCC1C2C2CC3(C(O)O2)C(C(=O)CO)CCC13,-3.85
CC12CCC(=O)C=C1CCC1C2CCC2(C)C(C(=O)CO)CCC12,-3.65179
CC12CCC(=O)C=C1CCC1C2CCC2(C)C(O)CCC12,-4.06143
CC12CCC(=O)C=C1CCC1C2CCC2(C)C1CCC2(C)O,-3.97861
CC12CCC(=O)C=C1CCC1C3CCC(O)(C(=O)CO)C3(C)CC(O)C12F,-3.43
CC12CCC(C1)C(C)(C)C2=O,-1.85
CC12CCC(CC1)C(C)(C)O2,-1.74429
CC12CCC(CC1=O)C2(C)C,-1.975
CC12CCC3C(=CCc4cc(O)ccc43)C1CCC2=O,-5.28029
CC12CCC3C(CC=C4CC(O)CCC43C)C1CCC2=O,-4.12071
CC12CCC3C(CCC4=CC(=O)CCC43C)C1CCC2=O,-3.69179
CC12CCC3C(CCC4CC(O)CCC43C)C1CCC2=O,-4.32389
CC12CCC3C(CCC4CC5SC5CC43C)C1CCC2O,-5.40893
CC12CCC3C(CCC4CCCCC43C)C1CCC2=O,-6.7
CC12CCC3c4ccc(O)cc4CCC3C1CCC2=O,-3.95661
CC12CCC3c4ccc(O)cc4CCC3C1CCC2O,-4.935
CC12CCc3c(ccc4cc(O)ccc34)C1CCC2=O,-5.24143
CC1=C(C(=O)Nc2ccccc2)CCCO1,-2.55964
CC1=C(C(=O)Nc2ccccc2)S(=O)(=O)CCO1,-2.38104
CC1=C(C(=O)Nc2ccccc2)SCCO1,-3.14036
CC1=C2C3OC(=O)C(C)C3CCC2(C)C=CC1=O,-3.09
CC1=CC(=O)CC(C)(C)C1,-1.06036
CC1=CC(=O)c2ccccc2C1=O,-3.03071
CC1=CCCCC1,-3.26893
CC1CC(C)C(=O)C(C(O)CC2CC(=O)NC(=O)C2)C1,-1.12893
CC1CC2C(C(O)CC3(C)C2CCC3(O)C(=O)CO)C2(C)C=CC(=O)C=C12,-3.494
CC1CC2C(C(O)CC3(C)C2CCC3(O)C(=O)CO)C2(C)C=CC(=O)C=C12,-2.99
CC1CC2C3CCC4=CC(=O)C=CC4(C)C3(F)C(O)CC2(C)C1(O)C(=O)CO,-3.66893
CC1CC=CC=CC=CC=CC(OC2OC(C)C(O)C(N)C2O)CC2OC(O)(CC(O)CC3OC3C=CC(=O)O1)CC(O)C2C(=O)O,-3.21
CC1CCC(C(C)C)C(=O)C1,-2.44571
CC1CCC(C(C)C)C(O)C1,-2.53179
CC1CCC(C)(C)C1,-4.47895
CC1CCC(C)CC1,-4.46857
CC1CCC(O)CC1,-0.881053
CC1CCC2(OC1)OC1CC3C4CC=C5CC(O)CCC5(C)C4CCC3(C)C1C2C,-7.32
CC1CCCC(=O)C1,-1.87211
CC1CCCC1,-3.30071
CC1CCCCC1,-3.82786
CC1CCCCC1=O,-0.94
CC1CCCCC1C,-4.17833
CC1CCCCC1NC(=O)Nc1ccccc1,-4.11036
CC1CCCO1,0.181429
CC1CNC(C)CN1,0.487895
CC1CNCCN1,0.686316
CC1CO1,-0.59
CC1CO1,1.007
CC1c2cccc(O)c2C(=O)C2=C(O)C3(O)C(=O)C(C(N)=O)=C(O)C(N(C)C)C3C(O)C21,-2.87
CC=C(C(=CC)c1ccc(O)cc1)c1ccc(O)cc1,-4.95
CC=CC=CC(=O)O,-1.70789
CC=CC=O,0.323571
CC=CCC,-2.53895
CC=CCC#N,-0.96
CC=CCCCC,-3.81789
CC=Cc1ccc(OC)cc1,-3.12857
CCBr,-1.08857
CCC(=C(CC)c1ccc(O)cc1)c1ccc(O)cc1,-4.26
CCC(=O)N(c1ccccc1)C1(COC)CCN(CCc2cccs2)CC1,-3.70789
CCC(=O)Nc1ccc(Cl)c(Cl)c1,-2.995
CCC(=O)Nc1ccccc1,-1.92
CCC(=O)OC,-0.143571
CCC(=O)OC1CCC2C3CCC4=CC(=O)CCC4(C)C3CCC12C,-5.36893
CCC(=O)c1ccc(N)cc1,-2.62842
CCC(=O)c1ccccc1,-1.82842
CCC(Br)(CC)C(=O)NC(N)=O,-2.67857
CCC(C)(C)C,-3.59321
CCC(C)(C)CO,-1.07179
CCC(C)(C)Cl,-2.51
CCC(C)(C)O,0.108214
CCC(C)(C)c1ccccc1,-4.15
CCC(C)(O)C(C)(C)C,-1.27
CCC(C)(O)C(C)C,-0.85
CCC(C)(O)CC,-0.373571
CCC(C)=O,0.509286
CCC(C)C(C)(C)O,-0.89
CCC(C)C(C)O,-0.721053
CCC(C)CC,-3.68107
CCC(C)CO,-0.470714
CCC(C)Cl,-1.96214
CCC(C)O,0.427857
CCC(C)c1cc([N+](=O)[O-])cc([N+](=O)[O-])c1O,-3.48179
CCC(C)c1ccccc1,-3.88579
CCC(CC)C(=O)O,-0.81
CCC(CC)CO,-1.25464
CCC(Cl)CC,-2.63
CCC(N)C(=O)O,0.31
CCC(N)Cc1c[nH]c2ccccc12,-2.56842
CCC(O)(CC)CC,-0.846429
CCC(O)C(C)(C)C,-1.15053
CCC(O)C(C)C,-0.702143
CCC(O)CC,-0.2375
CCC(c1ccc(O)cc1)C(CC)c1ccc(O)cc1,-4.4025
CCC1(C(C)C)C(=O)NC(=O)NC1=O,-2.20146
CCC1(C2=CC3CCC(C2)C3)C(=O)NC(=O)NC1=O,-2.64
CCC1(C2=CCCCC2)C(=O)NC(=O)NC1=O,-2.16964
CCC1(C2=CCCCCC2)C(=O)NC(=O)NC1=O,-3.00053
CCC1(CC)C(=O)NC(=O)N(C)C1=O,-2.14786
CCC1(CC)C(=O)NC(=O)NC1=O,-2.4
CCC1(CC)C(=O)NC(=O)NC1=O,-1.39158
CCC1(CCC(C)C)C(=O)NC(=O)NC1=O,-2.56918
CCC1(c2ccccc2)C(=O)NC(=O)NC1=O,-2.32743
CCC1(c2ccccc2)C(=O)NCNC1=O,-2.64
CCC1(c2ccccc2)CCC(=O)NC1=O,-2.33796
CCC1C2CC3C4N(C)c5ccccc5C45CC(C2C5O)N3C1O,-2.82
CCC1CCCCC1,-4.25036
CCC1CN2CCC1CC2C(O)c1ccnc2ccccc12,-2.63
CCC1NC(=O)NC1=O,-0.06
CCC1NC(=O)c2cc(S(N)(=O)=O)c(Cl)cc2N1,-3.28857
CCC=O,0.630714
CCCBr,-1.71964
CCCC(=O)CCC,-1.39
CCCC(=O)O,-0.19
CCCC(=O)O,1.055
CCCC(=O)OC,-1.92
CCCC(=O)OC,-0.826842
CCCC(=O)OCC,-1.30393
CCCC(C(C)=O)C(C)=O,-0.88
CCCC(C)(C)CO,-1.52
CCCC(C)(C)O,-0.493214
CCCC(C)(COC(N)=O)COC(N)=O,-1.71296
CCCC(C)(O)CC,-0.993929
CCCC(C)=O,-0.23
CCCC(C)C,-3.74
CCCC(C)C1(CC)C(=O)NC(=O)NC1=O,-2.455
CCCC(C)C1(CC)C(=O)NC(=S)NC1=O,-3.36
CCCC(C)CO,-1.15321
CCCC(C)Cl,-2.63
CCCC(C)O,-0.292143
CCCC(CCC)C(=O)O,-1.85895
CCCC(Cl)Cl,-2.4
CCCC(O)C(CC)CO,-1.387
CCCC(O)C(CC)CO,-0.54
CCCC(O)CC,-0.801071
CCCC(O)CCC,-1.3975
CCCC1CCCC1,-4.74
CCCC1CCCCN1,-1.5
CCCC1CCCCN1,-0.849
CCCC=O,-0.00892857
CCCCBr,-2.30857
CCCCC,-3.215
CCCCC(=O)CC(C)=O,-1.56
CCCCC(=O)CCCC,-2.58786
CCCCC(=O)OC,-1.35
CCCCC(=O)OC1(C(=O)CO)C(C)CC2C3CCC4=CC(=O)C=CC4(C)C3(F)C(O)CC21C,-4.71
CCCCC(=O)OCC,-1.91786
CCCCC(C)(C)O,-1.07929
CCCCC(C)(O)CC,-1.6
CCCCC(C)=O,-0.785
CCCCC(C)C(C)O,-1.72
CCCCC(C)O,-0.883929
CCCCC(CC)CN,-1.71158
CCCCC(CC)CO,-2.16714
CCCCC(CC)COC(=O)c1ccccc1C(=O)OCC(CC)CCCC,-6.96286
CCCCC(O)CC,-1.47
CCCCC1(CC)C(=O)NC(=O)NC1=O,-1.64604
CCCCC1C(=O)N(c2ccccc2)N(c2ccc(O)cc2)C1=O,-3.73107
CCCCC1C(=O)N(c2ccccc2)N(c2ccccc2)C1=O,-3.81071
CCCCC=O,-0.856071
CCCCCBr,-3.075
CCCCCC,-3.88214
CCCCCC(=O)O,-1.05579
CCCCCC(=O)OC,-1.955
CCCCCC(=O)OCC,-2.34071
CCCCCC(C)(C)O,-1.72
CCCCCC(C)=O,-1.43107
CCCCCC(C)O,-1.55036
CCCCCC(O)C=CC1C(O)CC(=O)C1CC=CCCCC(=O)O,-2.47
CCCCCC=O,-1.28179
CCCCCCBr,-3.80929
CCCCCCC,-4.50821
CCCCCCC(=O)OCC,-2.72929
CCCCCCC(C)=O,-2.08714
CCCCCCC(C)O,-2.09
CCCCCCC=O,-1.83737
CCCCCCCBr,-4.43036
CCCCCCCC,-5.23929
CCCCCCCC(=O)O,-2.28
CCCCCCCC(=O)OC,-3.31929
CCCCCCCC(=O)OCC,-3.39036
CCCCCCCC(C)=O,-2.58143
CCCCCCCC=O,-2.36
CCCCCCCCBr,-5.06107
CCCCCCCCC(=O)O,-2.74789
CCCCCCCCC(=O)OCC,-3.8
CCCCCCCCC(C)=O,-3.30643
CCCCCCCCC=O,-3.17053
CCCCCCCCCC(=O)O,-3.44263
CCCCCCCCCC(=O)OC,-4.64821
CCCCCCCCCC(=O)OCC,-4.1
CCCCCCCCCCC(=O)O,-3.55158
CCCCCCCCCCCC(=O)O,-4.62
CCCCCCCCCCCC(=O)O,-3.561
CCCCCCCCCCCC(=O)OC,-4.69
CCCCCCCCCCCCCC(=O)O,-5.32947
CCCCCCCCCCCCCCC(=O)O,-4.31
CCCCCCCCCCCCCCCC(=O)O,-6.80842
CCCCCCCCCCCCCCCCCC(=O)O,-5.68
CCCCCCCCCCCCCCCCO,-7.17571
CCCCCCCCCCCCCCO,-5.9125
CCCCCCCCCCCCO,-4.71107
CCCCCCCCCCO,-3.63036
CCCCCCCCCO,-3.01107
CCCCCCCCN,-2.75
CCCCCCCCO,-2.38714
CCCCCCCCOC(=O)c1ccc(N)cc1,-5.4
CCCCCCCCOC(N)=O,-3.3
CCCCCCCCl,-3.99536
CCCCCCCI,-4.81
CCCCCCCN,-1.85
CCCCCCCO,-1.82143
CCCCCCCOC(=O)c1ccc(N)cc1,-4.6
CCCCCCCOC(N)=O,-2.62
CCCCCCCl,-3.12
CCCCCCN,-1.00842
CCCCCCO,-1.23964
CCCCCCOC(=O)c1ccc(N)cc1,-3.95
CCCCCCOC(C)=O,-2.45526
CCCCCCOC(N)=O,-1.92
CCCCCCc1ccc(O)cc1O,-2.58964
CCCCCCc1ccccc1,-5.22607
CCCCCCl,-2.73
CCCCCNCCOC(=O)c1ccc(N)cc1,-3.27
CCCCCO,-0.601071
CCCCCOC(=O)c1ccc(N)cc1,-3.26
CCCCCOC(C)=O,-1.88536
CCCCCOC(N)=O,-1.47
CCCCCc1ccccc1,-4.64
CCCCCl,-1.9925
CCCCI,-2.96
CCCCN(C)C(=O)Nc1ccc(Cl)c(Cl)c1,-4.76571
CCCCN(CC)C(=O)SCCC,-3.44
CCCCN(CC)c1c([N+](=O)[O-])cc(C(F)(F)F)cc1[N+](=O)[O-],-6.525
CCCCN(CC)c1c([N+](=O)[O-])cc(C(F)(F)F)cc1[N+](=O)[O-],-5.53
CCCCN(CCCC)CCCC,-3.11789
CCCCNC(=O)NS(=O)(=O)c1ccc(C)cc1,-3.39211
CCCCNC(=O)NS(=O)(=O)c1ccc(N)cc1,-2.17895
CCCCNC(=O)NS(=O)(=O)c1ccccc1,-3.05
CCCCNCCCC,-1.43947
CCCCO,-0.0246429
CCCCOC,-0.99
CCCCOC(=O)c1ccc(O)cc1,-2.85263
CCCCOC(=O)c1ccccc1,-3.48
CCCCOC(=O)c1ccccc1C(=O)OCCCC,-4.39821
CCCCOC(=O)c1ccccc1C(=O)OCc1ccccc1,-5.64
CCCCOC(=O)c1ccccc1C(=O)OCc1ccccc1,-5.065
CCCCOC(C)=O,-1.18789
CCCCOC(N)=O,-0.658421
CCCCOCCCC,-2.638
CCCCOCCCC,-1.85
CCCCOCCO,-0.42
CCCCOCCO,0.927
CCCCOCN(C(=O)CCl)c1c(CC)cccc1CC,-4.19107
CCCCOc1cc(C(=O)NCCN(CC)CC)c2ccccc2n1,-3.7
CCCCOc1ccc(C(=O)OCCN(CC)CC)cc1,-3.84
CCCCS,-2.17964
CCCCSP(=O)(SCCCC)SCCCC,-5.31643
CCCCc1c(C)nc(N(C)C)nc1O,-2.24071
CCCCc1c(C)nc(NCC)nc1O,-3.02
CCCCc1c(C)nc(NCC)nc1OS(=O)(=O)N(C)C,-4.16
CCCCc1ccccc1,-4.05857
CCCCl,-1.46679
CCCI,-2.25821
CCCN(CCC)CCC,-2.28105
CCCN(CCC)c1c([N+](=O)[O-])cc(C(F)(F)F)cc1[N+](=O)[O-],-5.81143
CCCN(CCC)c1c([N+](=O)[O-])cc(S(N)(=O)=O)cc1[N+](=O)[O-],-5.16
CCCN(CCC)c1c([N+](=O)[O-])cc(S(N)(=O)=O)cc1[N+](=O)[O-],-3.61
CCCNC(=O)NS(=O)(=O)c1ccc(Cl)cc1,-3.03
CCCNCCC,-0.342632
CCCOC,-0.388571
CCCOC(=O)CCC,-1.86
CCCOC(=O)c1cc(O)c(O)c(O)c1,-1.78158
CCCOC(=O)c1ccc(N)cc1,-2.3685
CCCOC(=O)c1ccccc1,-2.67
CCCOC(C)=O,-0.724643
CCCOC(C)C,-1.33893
CCCOC=O,-0.530357
CCCOCC,-0.726071
CCCOCCC,-1.5125
CCC[N+](=O)[O-],-0.790714
CCCc1cc(=O)[nH]c(=S)[nH]1,-2.15
CCCc1ccccc1,-3.36714
CCI,-1.60036
CCN(CC)C(=O)C(C)Oc1cccc2ccccc12,-3.57
CCN(CC)C(=S)SSC(=S)N(CC)CC,-4.86
CCN(CC)CC,-0.138947
CCN(CC)CC(=O)Nc1c(C)cccc1C,-1.75842
CCN(CC)CCNC(=O)c1cc(Cl)c(N)cc1OC,-3.17789
CCN(CC)CCOC(=O)c1ccc(N)cc1,-1.39895
CCN(CC)c1c([N+](=O)[O-])cc(C(F)(F)F)c(N)c1[N+](=O)[O-],-5.46893
CCN(CC)c1ccccc1,-3.02929
CCN(N=O)C(N)=O,-0.957368
CCNC(=O)C(C)OC(=O)Nc1ccccc1,-1.82964
CCNC(=S)NCC,-1.46
CCNc1ccccc1,-1.7
CCNc1nc(Cl)nc(N(CC)CC)n1,-4.06
CCNc1nc(Cl)nc(NC(C)(C)C#N)n1,-3.15036
CCNc1nc(Cl)nc(NC(C)C)n1,-3.76679
CCNc1nc(Cl)nc(NCC)n1,-4.54964
CCNc1nc(NC(C)(C)C)nc(SC)n1,-3.99464
CCNc1nc(NC(C)C)nc(SC)n1,-3.03893
CCOC(=O)C(c1c(O)c2ccccc2oc1=O)c1c(O)c2ccccc2oc1=O,-3.53684
CCOC(=O)C1(c2ccccc2)CCN(C)CC1,-1.88737
CCOC(=O)C=Cc1ccccc1,-2.99857
CCOC(=O)CC,-0.683571
CCOC(=O)CC(=O)OCC,-0.826786
CCOC(=O)CC(SP(=S)(OC)OC)C(=O)OCC,-3.36464
CCOC(=O)CCC(=O)OCC,-0.96
CCOC(=O)c1ccc(N)cc1,-2.33693
CCOC(=O)c1ccc(O)cc1,-2.33536
CCOC(=O)c1ccccc1,-2.31964
CCOC(=O)c1ccccc1C(=O)OCC,-2.33679
CCOC(C)=O,-0.0407143
CCOC(C)C,-0.550526
CCOC(C)OCC,-0.429643
CCOC(N)=O,0.8075
CCOC1Oc2ccc(OS(C)(=O)=O)cc2C1(C)C,-3.41857
CCOC=O,0.123571
CCOCC,-0.0896429
CCOCCOCC,-0.77
CCOCCOCC,-0.15
CCOP(=O)(OCC)OCC,0.433214
CCOP(=S)(OCC)N1C(=O)c2ccccc2C1=O,-3.35071
CCOP(=S)(OCC)Oc1cc(C)nc(C(C)C)n1,-3.76464
CCOP(=S)(OCC)Oc1ccc([N+](=O)[O-])cc1,-4.53714
CCOP(=S)(OCC)Oc1ccc([S+](C)[O-])cc1,-2.26
CCOP(=S)(OCC)Oc1ccc2c(C)c(Cl)c(=O)oc2c1,-5.38211
CCOP(=S)(OCC)Oc1nc(Cl)c(Cl)cc1Cl,-5.60786
CCOP(=S)(OCC)SC(CCl)N1C(=O)c2ccccc2C1=O,-6.34
CCOP(=S)(OCC)SCCSCC,-4.22857
CCOP(=S)(OCC)SCSCC,-3.96964
CCOP(=S)(OCC)SCSP(=S)(OCC)OCC,-5.44857
CCOP(=S)(OCC)SCSc1ccc(Cl)cc1,-5.73729
CCOc1ccc(C(=O)OCCN(CC)CC)cc1,-2.71263
CCOc1ccc(NC(C)=O)cc1,-2.36321
CCOc1ccc(NC(N)=O)cc1,-2.17107
CCOc1ccc2nc(S(N)(=O)=O)sc2c1,-3.81
CCOc1ccccc1,-2.33071
CCS,-0.6
CCS(=O)(=O)CC,0.0415789
CCSC(=O)N(CC(C)C)CC(C)C,-3.68
CCSC(=O)N(CC)C1CCCCC1,-3.4
CCSCc1ccccc1OC(=O)NC,-2.09107
CCc1ccc(C)cc1,-3.1075
CCc1ccc(CC)cc1,-3.74393
CCc1ccc2cc3ccccc3cc2c1,-6.88789
CCc1ccc2ccccc2c1,-4.29
CCc1cccc(C)c1N(C(=O)CCl)C(C)COC,-2.72964
CCc1cccc(CC)c1N,-2.34895
CCc1cccc(CC)c1N(COC)C(=O)CCl,-3.18536
CCc1cccc2ccccc12,-4.16786
CCc1ccccc1,-2.78
CCc1ccccc1C,-3.20893
CCc1ccccc1O,-1.35947
CCc1cccs1,-2.58737
CCc1nnc(NS(=O)(=O)c2ccc(N)cc2)s1,-1.94105
CCn1cc(C(=O)O)c(=O)c2ccc(C)nc21,-3.37
CCn1cc(C(=O)O)c(=O)c2cnc(N3CCNCC3)nc21,-2.98
CN(C)C,1.01789
CN(C)C(=O)C(c1ccccc1)c1ccccc1,-2.97429
CN(C)C(=O)N(C)C,0.938214
CN(C)C(=O)NC1CC2CC1C1CCCC21,-3.0905
CN(C)C(=O)NC1CCCCCCC1,-2.289
CN(C)C(=O)Nc1ccc(Cl)c(Cl)c1,-3.76714
CN(C)C(=O)Nc1ccc(Cl)cc1,-2.90643
CN(C)C(=O)Nc1ccc(Oc2ccc(Cl)cc2)cc1,-4.89179
CN(C)C(=O)Nc1cccc(C(F)(F)F)c1,-3.43214
CN(C)C(=O)Nc1cccc(OC(=O)NC(C)(C)C)c1,-2.93
CN(C)C(=O)Nc1ccccc1,-1.60357
CN(C)C(=O)OC1=CC(=O)CC(C)(C)C1,-0.849286
CN(C)C(=S)SSC(=S)N(C)C,-3.9
CN(C)C1C(O)=C(C(=O)NCN2CCCC2)C(=O)C2(O)C(O)=C3C(=O)c4c(O)cccc4C(C)(O)C3CC12,-1.42
CN(C)C1C(O)=C(C(N)=O)C(=O)C2(O)C(O)=C3C(=O)c4c(O)ccc(Cl)c4C(C)(O)C3CC12,-2.88
CN(C)C1C(O)=C(C(N)=O)C(=O)C2(O)C(O)=C3C(=O)c4c(O)ccc(Cl)c4C(O)C3CC12,-2.52
CN(C)C1C(O)=C(C(N)=O)C(=O)C2(O)C(O)=C3C(=O)c4c(O)cccc4C(C)(O)C3C(O)C12,-3.14
CN(C)C1C(O)=C(C(N)=O)C(=O)C2(O)C(O)=C3C(=O)c4c(O)cccc4C(C)(O)C3CC12,-3.12
CN(C)CCC=C1c2ccccc2CCc2ccccc21,-4.45789
CN(C)CCC=C1c2ccccc2COc2ccccc21,-3.947
CN(C)CCC=C1c2ccccc2COc2ccccc21,-3.4
CN(C)CCCN1c2ccccc2CCc2ccccc21,-4.18842
CN(C)CCCN1c2ccccc2Sc2ccc(C(F)(F)F)cc21,-5.3
CN(C)CCCN1c2ccccc2Sc2ccc(Cl)cc21,-5.05579
CN(C)CCCN1c2ccccc2Sc2ccccc21,-4.30105
CN(C)CCN(Cc1ccccc1)c1ccccn1,-2.64
CN(C)CCN(Cc1cccs1)c1ccccn1,-2.64
CN(C)NC(=O)CCC(=O)O,-0.202632
CN(C)c1ccccc1,-1.92071
CN(N=O)C(N)=O,-0.852632
CN1C(=O)CN=C(c2ccccc2)c2cc(Cl)ccc21,-3.75629
CN1C(=O)CN=C(c2ccccc2)c2cc([N+](=O)[O-])ccc21,-3.798
CN1C(=O)NC(=O)C(C)(C2=CCCCC2)C1=O,-2.74
CN1C(C(=O)Nc2ccccn2)=C(O)c2ccccc2S1(=O)=O,-4.16
CN1C2CC(OC(=O)C(CO)c3ccccc3)CC1C1OC12,-0.492632
CN1C2CCC1C(C(=O)O)C(O)C2,-0.02
CN1C2CCC1CC(OC(=O)C(CO)c1ccccc1)C2,-2.06974
CN1CCC23c4c5ccc(O)c4OC2C(O)C=CC3C1C5,-3.28
CN1CCCC(CN2c3ccccc3Sc3ccccc32)C1,-4.74
CN1CCCC1=O,1.00211
CN1CCCC1c1cccnc1,0.79
CN1CCCCC1,0.227895
CN1CCN(CCCN2c3ccccc3Sc3ccc(C(F)(F)F)cc32)CC1,-4.52211
CN1CCN(CCCN2c3ccccc3Sc3ccc(Cl)cc32)CC1,-4.39842
CN1CCOCC1,0.997368
CN1CSC(=S)N(C)C1,-2.13
CN1c2ccccc2Sc2ccc(CC(=O)O)cc21,-3.94105
CNC(=NC#N)NCCSCc1nc[nH]c1C,-1.34737
CNC(=O)ON=C(CSC)C(C)(C)C,-1.62
CNC(=O)ON=C1C(Cl)C2CC(C#N)C1C2,-2.08
CNC(=O)Oc1cc(C(C)(C)C)cc(C(C)(C)C)c1,-4.24
CNC(=O)Oc1ccc(N(C)C)c(C)c1,-2.35893
CNC(=O)Oc1cccc(C)c1,-1.8
CNC(=O)Oc1cccc(N=CN(C)C)c1,-2.34
CNC(=O)Oc1cccc(N=CN(C)C)c1,-1.546
CNC(=O)Oc1cccc2ccccc12,-3.30021
CNC(=O)Oc1ccccc1C1OCCO1,-1.57036
CNC(=O)Oc1ccccc1OC(C)C,-2.05036
CNC(C)C(O)c1ccccc1,-0.417368
CNC(N)=O,1.13
CNCCCN1c2ccccc2CCc2ccccc21,-3.65895
CNN,1.33893
CNc1ccccc1,-1.28
CNc1ccccc1C(=O)O,-2.87895
CNc1cnn(-c2cccc(C(F)(F)F)c2)c(=O)c1Cl,-4.043
COC(=O)C(Cl)Cc1ccc(Cl)cc1,-3.76737
COC(=O)C1(O)c2ccccc2-c2ccc(Cl)cc21,-4.18
COC(=O)C1=CCCN(C)C1,0.809474
COC(=O)C1C(OC(=O)c2ccccc2)CC2CCC1N2C,-2.22842
COC(=O)C1C2C=CC(C2)C1C(=O)OC,-1.2
COC(=O)NS(=O)(=O)c1ccc(N)cc1,-1.66158
COC(=O)Nc1nc2ccc(C(=O)c3ccccc3)cc2[nH]1,-3.88
COC(=O)c1cc(Cl)cc(N)c1Cl,-3.26158
COC(=O)c1cc(O)c(O)c(O)c1,-1.24
COC(=O)c1ccc(N)cc1,-1.59368
COC(=O)c1ccc(O)cc1,-1.79654
COC(=O)c1ccc(OC)cc1,-2.41105
COC(=O)c1ccccc1,-1.83643
COC(=O)c1ccccc1C(=O)OC,-1.66929
COC(=O)c1ccccc1O,-2.34
COC(=O)c1ccccc1O,-1.313
COC(=O)c1cccnc1,-0.46
COC(C)(C)C,-0.239286
COC(C)(C)CCCC(C)CC=CC(C)=CC(=O)OC(C)C,-5.24571
COC(C)=O,0.499286
COC(C)C,-0.0584211
COC(N)=O,0.966842
COC1=CC(=O)CC(C)C12Oc1c(Cl)c(OC)cc(OC)c1C2=O,-4.61053
COC1=CC(=O)CC(C)C12Oc1c(Cl)c(OC)cc(OC)c1C2=O,-3.246
COC=O,0.624286
COCC(=O)N(c1c(C)cccc1C)C(C)C(=O)OC,-1.60068
COCCOc1c(OC)cc(Cc2cnc(N)nc2N)cc1OC,-2.10053
COCOC,0.489286
CON(C)C(=O)Nc1ccc(Cl)c(Cl)c1,-3.5435
CON(C)C(=O)Nc1ccc(Cl)cc1,-2.49607
COP(=O)(OC)C(O)C(Cl)(Cl)Cl,-0.259643
COP(=S)(OC)Oc1cc(Cl)c(Br)cc1Cl,-6.08857
COP(=S)(OC)Oc1cc(Cl)c(Cl)cc1Cl,-5.64393
COP(=S)(OC)Oc1cc(Cl)c(I)cc1Cl,-6.61857
COP(=S)(OC)Oc1ccc(SC)c(C)c1,-4.56964
COP(=S)(OC)Oc1ccc([N+](=O)[O-])c(C)c1,-3.97679
COP(=S)(OC)Oc1ccc([N+](=O)[O-])cc1,-3.76632
COP(=S)(OC)Oc1ccc([N+](=O)[O-])cc1Cl,-4.30857
COP(=S)(OC)Oc1nc(Cl)c(Cl)cc1Cl,-4.82579
COc1c(Cl)ccc(Cl)c1C(=O)O,-1.69526
COc1c(O)c(Cl)c(Cl)c(Cl)c1Cl,-4.02
COc1c2occc2c(OC)c2c(=O)cc(C)oc12,-3.021
COc1c2occc2c(OC)c2c(=O)cc(C)oc12,-2.4
COc1c2occc2cc2ccc(=O)oc12,-3.66021
COc1cc(C(=O)O)ccc1O,-2.05
COc1cc(Cc2cnc(N)nc2N)cc(OC)c1OC,-2.86053
COc1cc(Cl)c(Cl)cc1O,-2.53
COc1cc(NS(=O)(=O)c2ccc(N)cc2)nc(C)n1,-2.54158
COc1cc(NS(=O)(=O)c2ccc(N)cc2)nc(OC)n1,-2.95842
COc1cc(O)c2c(=O)c3cc(O)ccc3oc2c1,-2.93
COc1cc2c(cc1OC)C13CCN4CC5=CCOC6CC(=O)N2C1C6C5CC43,-2.09053
COc1ccc(C(O)(c2cncnc2)C2CC2)cc1,-2.59729
COc1ccc(C(c2ccc(OC)cc2)C(Cl)(Cl)Cl)cc1,-6.76464
COc1ccc(C=O)c(C(=O)O)c1OC,-1.92
COc1ccc(C=O)cc1,-1.49429
COc1ccc(CC2NCC(O)C2OC(C)=O)cc1,-1.60895
COc1ccc(Cl)cc1C(=O)NCCc1ccc(S(=O)(=O)NC(=O)NC2CCCCC2)cc1,-5.09
COc1ccc(NC(C)=O)cc1,-1.3
COc1ccc(NS(=O)(=O)c2ccc(N)cc2)nn1,-3.28
COc1ccc(Oc2ccc(NC(=O)N(C)C)cc2)cc1,-4.15857
COc1ccc([N+](=O)[O-])cc1,-2.41143
COc1ccc2c(c1)N(CC(C)CN(C)C)c1ccccc1S2,-4.21737
COc1ccc2c(c1)c(CC(=O)O)c(C)n2C(=O)C=Cc1ccccc1,-5.54
COc1ccc2c(c1)c(CC(=O)O)c(C)n2C(=O)c1ccc(Cl)cc1,-4.62
COc1ccc2c(c1O)C13CCN(C)C1(C=CC(=O)C3)CC2,-1.87
COc1ccc2c(c1OC)C(=O)OC2,-1.89
COc1ccc2c(c1OC)C(=O)OC2C1c2c(cc3c(c2OC)OCO3)CCN1C,-3.13947
COc1ccc2c(c1OC)C(=O)OC2C1c2cc3c(cc2CCN1C)OCO3,-4.11
COc1ccc2c3c1OC1C(O)C=CC4C(C2)N(C)CCC341,-1.52105
COc1ccc2cc(C(C)C(=O)O)ccc2c1,-4.16053
COc1ccc2ccc(=O)oc2c1CC=C(C)C,-4.31093
COc1ccccc1,-1.90964
COc1ccccc1O,-1.96
COc1ccccc1O,-0.822
COc1ccccc1[N+](=O)[O-],-1.95893
COc1cnc(NS(=O)(=O)c2ccc(N)cc2)nc1,-2.58211
COc1cnc2cncnc2n1,-0.91
COc1ncc2nccnc2n1,-1.11
COc1ncnc2nccnc12,-1.11
CSCCC(N)C(=O)O,-0.420526
CSc1ccccc1,-2.39
CSc1cnc2cncnc2n1,-1.55
CSc1nc(NC(C)C)nc(NC(C)C)n1,-4.01571
CSc1ncc2nccnc2n1,-1.76
CSc1ncnc2nccnc12,-2.36
Cc1[nH]c(=O)n(C(C)(C)C)c(=O)c1Cl,-2.48307
Cc1c(N(C)C)c(=O)n(-c2ccccc2)n1C,-0.544143
Cc1c(N)c(=O)n(-c2ccccc2)n1C,-0.622
Cc1c2ccccc2c(C)c2c1ccc1ccccc12,-6.87857
Cc1c2ccccc2c(C)c2ccccc12,-6.56857
Cc1c2ccccc2cc2ccccc12,-5.88179
Cc1c[nH]c(=O)[nH]c1=O,-1.51514
Cc1c[nH]c2ccccc12,-2.42036
Cc1cc(=O)[nH]c(=O)[nH]1,-1.26
Cc1cc(=O)[nH]c(=S)[nH]1,-2.433
Cc1cc(=O)n(-c2ccccc2)n1C,-0.564
Cc1cc(=O)n(-c2ccccc2)n1C,0.5525
Cc1cc(C)c(C)c(C)c1C,-3.99321
Cc1cc(C)c2ccccc2c1,-4.29036
Cc1cc(C)c2ccccc2n1,-1.94211
Cc1cc(C)cc(C)c1,-3.39893
Cc1cc(C)cc(O)c1,-1.39964
Cc1cc(C)nc(NS(=O)(=O)c2ccc(N)cc2)n1,-2.26895
Cc1cc(Cl)ccc1N=CN(C)C,-2.86071
Cc1cc(Cl)ccc1OC(C)C(=O)O,-2.54421
Cc1cc(Cl)ccc1OCC(=O)O,-2.37368
Cc1cc(N)nc(C)n1,-1.28211
Cc1cc(NS(=O)(=O)c2ccc(N)cc2)nc(C)n1,-2.23895
Cc1cc(NS(=O)(=O)c2ccc(N)cc2)no1,-2.61895
Cc1cc(O)c2ccccc2n1,-1.2
Cc1cc(O)cc(C)c1Cl,-2.79842
Cc1cc(O)ccc1Cl,-1.57
Cc1cc(O)ccc1OP(=O)(Oc1cc(O)ccc1C)Oc1c(C)cccc1O,-6.7
Cc1cc(O)no1,-0.07
Cc1cc(OC(=O)N(C)C)n(-c2ccccc2)n1,-2.09
Cc1cc(S(=O)(=O)c2ccccc2)ccc1NS(=O)(=O)C(F)(F)F,-3.8
Cc1cc2ccccc2cc1C,-4.7825
Cc1cc2nc3c(=O)[nH]c(=O)nc-3n(CC(O)C(O)C(O)CO)c2cc1C,-3.6825
Cc1ccc(Br)cc1,-3.19071
Cc1ccc(C(=O)O)cc1,-2.60158
Cc1ccc(C(C)C)c(O)c1,-2.22071
Cc1ccc(C(C)C)cc1,-3.76607
Cc1ccc(C(C)C)cc1O,-2.08
Cc1ccc(C)c(C)c1,-3.315
Cc1ccc(C)c(O)c1,-1.53895
Cc1ccc(C)c2c(C)cccc12,-4.91421
Cc1ccc(C)c2ccccc12,-4.13893
Cc1ccc(C)cc1,-2.78643
Cc1ccc(C)nc1,0.400526
Cc1ccc(CO)cc1,-1.2
Cc1ccc(Cl)cc1,-3.07893
Cc1ccc(N)cc1,-1.2125
Cc1ccc(N=CN(C)C=Nc2ccc(C)cc2C)c(C)c1,-5.47
Cc1ccc(O)c(C)c1,-1.19036
Cc1ccc(O)cc1,-0.710357
Cc1ccc(O)cc1C,-1.4
Cc1ccc(S(=O)(=O)NC(=O)NC2CCCCC2)cc1,-4.20842
Cc1ccc(S(=O)(=O)NC(=O)NN2CCCCCC2)cc1,-3.67895
Cc1ccc(S(N)(=O)=O)cc1,-1.73786
Cc1ccc([N+](=O)[O-])cc1,-2.49071
Cc1ccc2cc(C)ccc2c1,-4.89107
Cc1ccc2cc3c(ccc4ccccc43)c3c2c1CC3,-7.94421
Cc1ccc2cc3ccccc3cc2c1,-6.95857
Cc1ccc2ccc(C)nc2c1,-1.94143
Cc1ccc2ccccc2c1,-3.76714
Cc1ccc2nc(-c3ccc(N)cc3)sc2c1,-3.68
Cc1cccc(Br)c1,-3.52158
Cc1cccc(C(=O)O)c1,-2.14158
Cc1cccc(C)c1,-2.81964
Cc1cccc(C)c1C,-3.20143
Cc1cccc(C)c1NC(=O)C1CCCCN1C,-1.55
Cc1cccc(C)c1NC(=O)c1cc(S(N)(=O)=O)c(Cl)cc1O,-3.78893
Cc1cccc(C)c1O,-1.30179
Cc1cccc(C)n1,0.448929
Cc1cccc(N)c1,-0.851429
Cc1cccc(Nc2ccccc2C(=O)O)c1C,-3.78
Cc1cccc(O)c1,-0.679286
Cc1cccc(O)c1C,-1.42842
Cc1cccc(Oc2cccc(C)c2)c1,-4.85
Cc1cccc([N+](=O)[O-])c1,-2.43929
Cc1cccc2c(C)cccc12,-4.72611
Cc1cccc2c1Cc1ccccc1-2,-5.21929
Cc1cccc2ccccc12,-3.71464
Cc1cccc2sc3nncn3c12,-2.07107
Cc1ccccc1,-2.22179
Cc1ccccc1C,-2.79143
Cc1ccccc1C(=O)O,-2.06105
Cc1ccccc1Cl,-3.52
Cc1ccccc1Cl,-2.53
Cc1ccccc1N,-2.21
Cc1ccccc1N,-0.828947
Cc1ccccc1N1C(=O)c2cc(S(N)(=O)=O)c(Cl)cc2NC1C,-3.78107
Cc1ccccc1O,-0.620357
Cc1ccccc1S(N)(=O)=O,-2.02211
Cc1ccccc1[N+](=O)[O-],-2.32786
Cc1cccnc1C,0.381786
Cc1ccnc(C)c1,0.427857
Cc1ccnc(NS(=O)(=O)c2ccc(N)cc2)n1,-2.85
Cc1ccnc2c1ccc1c(C)ccnc12,-3.97
Cc1ccncc1C,0.359643
Cc1ccsc1,-2.39
Cc1cnc(NS(=O)(=O)c2ccc(N)cc2)nc1,-2.82
Cc1cnc(S)nc1O,-2.45
Cc1cnc2cncnc2n1,-0.854
Cc1cnc2cncnc2n1,0.06
Cc1cncc(C)c1,0.38
Cc1nc(N(C)C)nc(OC(=O)N(C)C)c1C,-1.94857
Cc1nc(NS(=O)(=O)c2ccc(N)cc2)oc1C,-2.31474
Cc1nc2ccccc2[nH]1,-1.96
Cc1ncc([N+](=O)[O-])n1CCO,-1.25
Cc1ncc2nccnc2n1,-0.12
Cc1ncnc2nccnc12,-0.468
Cc1nnc(NS(=O)(=O)c2ccc(N)cc2)s1,-2.41053
Cc1nnc2n1-c1ccc(Cl)cc1C(c1ccccc1Cl)=NC2,-4.085
Cc1noc(NS(=O)(=O)c2ccc(N)cc2)c1C,-2.91
Cc1occc1C(=O)Nc1ccccc1,-3.30143
ClC(Br)Br,-1.90679
ClC(Cl)(Cl)C(Cl)(Cl)Cl,-4.488
ClC(Cl)(Cl)C(Cl)(Cl)Cl,-3.67
ClC(Cl)(Cl)Cl,-2.30214
ClC(Cl)=C(Cl)C(Cl)=C(Cl)Cl,-4.91357
ClC(Cl)=C(Cl)Cl,-2.67536
ClC(Cl)=C(c1ccc(Cl)cc1)c1ccc(Cl)cc1,-6.9
ClC(Cl)=C(c1ccc(Cl)cc1)c1ccccc1Cl,-6.36
ClC(Cl)=CC(Cl)=C(Cl)Cl,-4.23
ClC(Cl)Br,-1.60893
ClC(Cl)C(Cl)(Cl)Cl,-2.60893
ClC(Cl)C(Cl)Cl,-1.745
ClC(Cl)Cl,-1.1725
ClC1=C(Cl)C(Cl)(Cl)C(Cl)=C1Cl,-5.18053
ClC1=C(Cl)C2(Cl)C3C(Cl)C(Cl)CC3C1(Cl)C2(Cl)Cl,-6.86143
ClC1=C(Cl)C2(Cl)C3C(Cl)C=CC3C1(Cl)C2(Cl)Cl,-6.31796
ClC1=C(Cl)C2(Cl)C3C4C=CC(C4)C3C1(Cl)C2(Cl)Cl,-7.33105
ClC1=C(Cl)C2(Cl)C3C4C=CC(C4)C3C1(Cl)C2(Cl)Cl,-6.307
ClC1=C(Cl)C2(Cl)C3C4CC(C5OC45)C3C1(Cl)C2(Cl)Cl,-6.25339
ClC1=C(Cl)C2(Cl)C3C4OC4C(Cl)C3C1(Cl)C2(Cl)Cl,-6.28947
ClC1=C(Cl)C2(Cl)C3CC=CC3C1(Cl)C2(Cl)Cl,-5.64
ClC1C(Cl)C(Cl)C(Cl)C(Cl)C1Cl,-4.76893
ClC=C(Cl)Cl,-2.00179
ClC=CCl,-1.37474
ClCBr,-0.889643
ClCC(Br)CBr,-2.37684
ClCC(Cl)(Cl)Cl,-2.18
ClCC(Cl)CCl,-1.92
ClCC(Cl)Cl,-1.48
ClCCBr,-1.31929
ClCCCBr,-1.84842
ClCCCCl,-1.61786
ClCCCl,-1.06179
ClCCOCCCl,-1.01474
ClCCl,-0.696071
ClCc1ccccc1,-2.38714
Clc1c(Cl)c(Cl)c(-c2c(Cl)c(Cl)c(Cl)c(Cl)c2Cl)c(Cl)c1Cl,-11.61
Clc1c(Cl)c(Cl)c(-c2c(Cl)c(Cl)c(Cl)c(Cl)c2Cl)c(Cl)c1Cl,-10.827
Clc1c(Cl)c(Cl)c(-c2ccccc2)c(Cl)c1Cl,-7.92
Clc1c(Cl)c(Cl)c2nccnc2c1Cl,-5.42929
Clc1cc(-c2c(Cl)c(Cl)c(Cl)c(Cl)c2Cl)c(Cl)c(Cl)c1Cl,-10.26
Clc1cc(-c2cc(Cl)c(Cl)c(Cl)c2Cl)c(Cl)c(Cl)c1Cl,-9.16
Clc1cc(-c2ccccc2)c(Cl)c(Cl)c1Cl,-7.24368
Clc1cc(Cl)c(-c2c(Cl)cc(Cl)c(Cl)c2Cl)cc1Cl,-7.92
Clc1cc(Cl)c(-c2c(Cl)cc(Cl)cc2Cl)c(Cl)c1,-8.79464
Clc1cc(Cl)c(-c2c(Cl)cccc2Cl)c(Cl)c1,-7.32
Clc1cc(Cl)c(-c2cc(Cl)c(Cl)cc2Cl)cc1Cl,-8.56714
Clc1cc(Cl)c(-c2ccc(Cl)c(Cl)c2Cl)cc1Cl,-8.35211
Clc1cc(Cl)c(-c2ccccc2)c(Cl)c1,-6.07105
Clc1cc(Cl)c(-c2ccccc2)cc1Cl,-6.23263
Clc1cc(Cl)c(Cl)c(-c2c(Cl)c(Cl)c(Cl)c(Cl)c2Cl)c1Cl,-10.41
Clc1cc(Cl)c(Cl)c(-c2c(Cl)c(Cl)cc(Cl)c2Cl)c1Cl,-9.26286
Clc1cc(Cl)c(Cl)c(Cl)c1,-4.62893
Clc1cc(Cl)c(Cl)c(Cl)c1Cl,-5.58893
Clc1cc(Cl)c2nsnc2c1Cl,-4.98
Clc1cc(Cl)cc(Cl)c1,-4.48
Clc1ccc(-c2c(Cl)cc(Cl)c(Cl)c2Cl)c(Cl)c1Cl,-8.3
Clc1ccc(-c2c(Cl)cc(Cl)c(Cl)c2Cl)c(Cl)c1Cl,-7.66
Clc1ccc(-c2c(Cl)cc(Cl)c(Cl)c2Cl)cc1Cl,-7.66
Clc1ccc(-c2cc(Cl)c(Cl)c(Cl)c2Cl)cc1Cl,-7.82
Clc1ccc(-c2cc(Cl)c(Cl)cc2Cl)cc1Cl,-7.38842
Clc1ccc(-c2cc(Cl)ccc2Cl)c(Cl)c1,-6.57107
Clc1ccc(-c2cc(Cl)ccc2Cl)cc1,-6.25214
Clc1ccc(-c2ccc(Cl)c(Cl)c2)c(Cl)c1,-7.8
Clc1ccc(-c2ccc(Cl)c(Cl)c2)c(Cl)c1,-6.9
Clc1ccc(-c2ccc(Cl)c(Cl)c2Cl)c(Cl)c1Cl,-9.013
Clc1ccc(-c2ccc(Cl)c(Cl)c2Cl)c(Cl)c1Cl,-8.01
Clc1ccc(-c2ccc(Cl)cc2)cc1,-6.55857
Clc1ccc(-c2ccc(Cl)cc2Cl)c(Cl)c1,-6.62684
Clc1ccc(-c2ccc(Cl)cc2Cl)cc1,-6.08842
Clc1ccc(-c2cccc(Cl)c2Cl)cc1,-6.26929
Clc1ccc(-c2ccccc2)c(Cl)c1,-5.27
Clc1ccc(-c2ccccc2)cc1,-5.17316
Clc1ccc(-c2ccccc2)cc1Cl,-6.39
Clc1ccc(-c2ccccc2Cl)cc1,-5.28
Clc1ccc(-c2ccccc2Cl)cc1Cl,-6.28842
Clc1ccc(Br)cc1,-3.63
Clc1ccc(C(c2ccc(Cl)cc2)C(Cl)(Cl)Cl)cc1,-7.93737
Clc1ccc(C(c2ccc(Cl)cc2)C(Cl)(Cl)Cl)cc1,-7.15
Clc1ccc(C(c2ccc(Cl)cc2)C(Cl)Cl)cc1,-7.2
Clc1ccc(C(c2ccc(Cl)cc2)C(Cl)Cl)cc1,-6.551
Clc1ccc(C(c2ccccc2Cl)C(Cl)(Cl)Cl)cc1,-6.62
Clc1ccc(C(c2ccccc2Cl)C(Cl)Cl)cc1,-6.50821
Clc1ccc(Cl)c(-c2c(Cl)c(Cl)c(Cl)c(Cl)c2Cl)c1,-8.94
Clc1ccc(Cl)c(-c2c(Cl)c(Cl)cc(Cl)c2Cl)c1,-7.42
Clc1ccc(Cl)c(-c2c(Cl)ccc(Cl)c2Cl)c1Cl,-8.65
Clc1ccc(Cl)c(-c2c(Cl)ccc(Cl)c2Cl)c1Cl,-7.903
Clc1ccc(Cl)c(-c2c(Cl)cccc2Cl)c1,-6.8
Clc1ccc(Cl)c(-c2cc(Cl)c(Cl)c(Cl)c2Cl)c1,-7.68
Clc1ccc(Cl)c(-c2cc(Cl)c(Cl)cc2Cl)c1,-7.89
Clc1ccc(Cl)c(-c2cc(Cl)c(Cl)cc2Cl)c1,-7.326
Clc1ccc(Cl)c(-c2cc(Cl)ccc2Cl)c1,-7.14789
Clc1ccc(Cl)c(-c2ccc(Cl)c(Cl)c2)c1,-7.10821
Clc1ccc(Cl)c(-c2ccc(Cl)c(Cl)c2Cl)c1,-7.91
Clc1ccc(Cl)c(-c2ccc(Cl)c(Cl)c2Cl)c1,-7.045
Clc1ccc(Cl)c(-c2cccc(Cl)c2Cl)c1,-6.46821
Clc1ccc(Cl)c(-c2ccccc2)c1Cl,-6.39526
Clc1ccc(Cl)c(-c2ccccc2Cl)c1,-5.90895
Clc1ccc(Cl)c(Cl)c1,-3.5825
Clc1ccc(Cl)c(Cl)c1Cl,-4.56714
Clc1ccc(Cl)cc1,-3.26536
Clc1ccc2ccccc2c1,-4.14107
Clc1cccc(-c2c(Cl)c(Cl)cc(Cl)c2Cl)c1Cl,-8.6
Clc1cccc(-c2cc(Cl)c(Cl)c(Cl)c2Cl)c1Cl,-8.42053
Clc1cccc(-c2cc(Cl)ccc2Cl)c1,-6.00929
Clc1cccc(-c2ccc(Cl)c(Cl)c2Cl)c1Cl,-7.05
Clc1cccc(-c2cccc(Cl)c2)c1,-5.79895
Clc1cccc(-c2cccc(Cl)c2Cl)c1Cl,-7.27714
Clc1cccc(-c2ccccc2)c1,-4.82143
Clc1cccc(Br)c1,-3.21
Clc1cccc(C(Cl)(Cl)Cl)n1,-3.76036
Clc1cccc(Cl)c1,-3.05071
Clc1cccc(Cl)c1-c1c(Cl)cccc1Cl,-7.39
Clc1cccc(Cl)c1-c1ccccc1,-5.12286
Clc1cccc(Cl)c1Cl,-4.00107
Clc1cccc2ccccc12,-3.94464
Clc1ccccc1,-2.37071
Clc1ccccc1-c1c(Cl)cc(Cl)c(Cl)c1Cl,-7.43
Clc1ccccc1-c1cc(Cl)c(Cl)c(Cl)c1Cl,-7.21
Clc1ccccc1-c1ccccc1,-4.55857
Clc1ccccc1-c1ccccc1Cl,-5.2025
Clc1ccccc1Br,-3.19464
Clc1ccccc1Cl,-3.02286
Clc1cnc2cncnc2n1,-0.87
Cn1c(=O)[nH]c2[nH]c(=O)[nH]c2c1=O,-1.56
Cn1c(=O)c2c(ncn2C)n(C)c1=O,-0.938357
Cn1c(=O)c2c(ncn2CC(O)CO)n(C)c1=O,-0.17
Cn1c(=O)c2nc[nH]c2n(C)c1=O,-1.37
Cn1c(=O)on(-c2ccc(Cl)c(Cl)c2)c1=O,-2.82
Cn1cc(-c2ccccc2)c(=O)c(-c2cccc(C(F)(F)F)c2)c1,-4.44089
Cn1ccc(=O)[nH]c1=O,-0.80225
Cn1ccccc1=O,0.961053
FC(F)(Cl)C(F)(Cl)Cl,-3.04071
FC(F)(Cl)C(F)(F)Cl,-2.9975
FC(F)(F)C(Cl)Br,-1.70786
FC(F)(F)c1cccc(C(c2ccccc2)(c2ccccc2)n2cncn2)c1,-8.4
Fc1cc(F)c(F)c(F)c1,-2.30789
Fc1cc(F)c(F)cc1F,-2.37789
Fc1ccc(CCl)cc1,-2.54211
Fc1ccc(F)cc1,-1.97036
Fc1ccc(I)cc1,-3.12789
Fc1cccc(F)c1,-2
Fc1ccccc1,-1.79821
IC=CI,-3.22
Ic1[nH]c(I)c(I)c1I,-3.46
Ic1ccccc1,-2.85321
N#CC(OC1OC(COC2OC(CO)C(O)C(O)C2O)C(O)C(O)C1O)c1ccccc1,-0.77
N#CCCCl,-0.29
N#CN=C(N)N,-0.31
N#Cc1c(Cl)c(Cl)c(Cl)c(C#N)c1Cl,-5.6425
N#Cc1c(Cl)cccc1Cl,-4.10316
N#Cc1cc(Br)c(O)c(Br)c1,-3.32929
N#Cc1cc(I)c(O)c(I)c1,-3.61
N#Cc1ccc2c(c1)N(CCCN1CCC(O)CC1)c1ccccc1S2,-3.98
N#Cc1ccccc1,-1.712
N#Cc1ccccc1,-1
N#Cc1ccccc1C#N,-2.38
N=C(N)NCC(=O)O,-1.51
N=C(N)NS(=O)(=O)c1ccc(N)cc1,-1.99
N=C(N)N[N+](=O)[O-],-1.37
NC(=O)CC(N)C(=O)O,-0.74
NC(=O)CCC(N)C(=O)O,-0.549474
NC(=O)CCl,-0.0189286
NC(=O)NC1NC(=O)NC1=O,-1.6
NC(=O)NCc1ccccc1,-0.948571
NC(=O)NO,1.11947
NC(=O)OCc1ccccc1,-0.35
NC(=O)c1ccccc1,-0.9575
NC(=O)c1ccccc1C(N)=O,-2.92
NC(=O)c1ccccc1O,-1.80179
NC(=O)c1cccnc1,0.610714
NC(=O)c1cnccn1,-0.833322
NC(=S)Nc1ccccc1,-1.77714
NC(Cc1c[nH]c2ccccc12)C(=O)O,-1.20526
NC(Cc1c[nH]cn1)C(=O)O,-0.53
NC(Cc1cc(I)c(O)c(I)c1)C(=O)O,-2.86
NC(Cc1cc(I)c(Oc2ccc(O)c(I)c2)c(I)c1)C(=O)O,-5.22
NC(Cc1ccc(O)c(O)c1)C(=O)O,-1.59789
NC(Cc1ccc(O)cc1)C(=O)O,-2.57421
NC(N)=O,0.959286
NC(N)=S,0.3025
NCC(O)c1ccccc1,-0.48
NCCC(O)C(=O)NC1CC(N)C(OC2OC(CN)C(O)C(O)C2O)C(O)C1OC1OC(CO)C(O)C(N)C1O,-0.5
NCCCCCCCCCCC(=O)O,-2.7
NCCc1ccc(O)cc1,-1.12
NCc1ccccc1,-1.53
NCc1ccccc1,0.97
NNC(=O)Nc1ccccc1,-2.33
NNC(=O)c1ccncc1,0.00932143
NNc1ccccc1,0.07
NS(=O)(=O)c1cc(C(=O)O)c(NCc2ccco2)cc1Cl,-3.65789
NS(=O)(=O)c1cc2c(cc1C(F)(F)F)NC(Cc1ccccc1)NS2(=O)=O,-3.59036
NS(=O)(=O)c1cc2c(cc1Cl)N=CNS2(=O)=O,-3.04857
NS(=O)(=O)c1cc2c(cc1Cl)NC(C(Cl)Cl)NS2(=O)=O,-2.67893
NS(=O)(=O)c1cc2c(cc1Cl)NCNS2(=O)=O,-2.62143
NS(=O)(=O)c1ccccc1,-1.56158
Nc1c(Cl)c(Cl)nc(C(=O)O)c1Cl,-2.74947
Nc1cc(Cl)cc(C(=O)O)c1Cl,-2.46947
Nc1cc2c3ccccc3ccc2c2ccccc12,-6.19857
Nc1cc[nH]c(=O)n1,-1.1475
Nc1ccc(-c2ccc(N)c(Cl)c2)cc1Cl,-4.91579
Nc1ccc(-c2ccc(N)cc2)cc1,-2.72071
Nc1ccc(C(=O)O)cc1,-1.351
Nc1ccc(C(=O)O)cc1,-0.4
Nc1ccc(Cc2ccc(N)cc2)cc1,-2.29842
Nc1ccc(Cl)c(Cl)c1,-3.24316
Nc1ccc(Cl)cc1,-1.60821
Nc1ccc(N)cc1,-0.425263
Nc1ccc(O)cc1,-0.812143
Nc1ccc(S(=O)(=O)Nc2ccccn2)cc1,-2.7
Nc1ccc(S(=O)(=O)Nc2ccnn2-c2ccccc2)cc1,-2.32053
Nc1ccc(S(=O)(=O)Nc2cnccn2)cc1,-3.7
Nc1ccc(S(=O)(=O)Nc2ncccn2)cc1,-3.51
Nc1ccc(S(=O)(=O)Nc2nccs2)cc1,-2.42737
Nc1ccc(S(=O)(=O)c2ccc(N)cc2)cc1,-2.90629
Nc1ccc(S(N)(=O)=O)cc1,-1.35393
Nc1ccc([N+](=O)[O-])cc1,-2.33714
Nc1ccc2cc3ccccc3cc2c1,-5.17071
Nc1cccc(C(F)(F)F)c1,-1.47
Nc1cccc(Cl)c1,-1.37107
Nc1cccc([N+](=O)[O-])c1,-2.14393
Nc1cccc2ccccc12,-1.92179
Nc1cccc2nc3ccccc3cc12,-4.22
Nc1ccccc1,-0.411071
Nc1ccccc1C(=O)O,-1.55842
Nc1ccccc1Cl,-1.40357
Nc1ccccc1N,-0.424211
Nc1ccccc1O,-0.726071
Nc1ccccc1[N+](=O)[O-],-1.96464
Nc1cnn(-c2ccccc2)c(=O)c1Br,-3.1235
Nc1cnn(-c2ccccc2)c(=O)c1Cl,-2.82757
Nc1nccs1,-0.36
Nc1ncnc2[nH]cnc12,-2.12
Nc1ncnc2c1ccn2C1OC(CO)C(O)C1O,-1.95
O=C(C=CC=Cc1ccc2c(c1)OCO2)N1CCCCC1,-3.60036
O=C(CCCN1CCC(O)(c2ccc(Cl)cc2)CC1)c1ccc(F)cc1,-4.42947
O=C(Cn1ccnc1[N+](=O)[O-])NCc1ccccc1,-2.81107
O=C(NC(=O)c1c(F)cccc1F)Nc1ccc(Cl)cc1,-6.01821
O=C(NC(=O)c1ccccc1)c1ccccc1,-2.27158
O=C(NC(CO)C(O)c1ccc([N+](=O)[O-])cc1)C(Cl)Cl,-2.11068
O=C(Nc1ccc([N+](=O)[O-])cc1Cl)c1cc(Cl)ccc1O,-4.70071
O=C(Nc1cccc(Cl)c1)OCC#CCCl,-4.37
O=C(Nc1ccccc1)Nc1ccccc1,-3.15
O=C(Nc1ccccc1)c1ccccc1I,-4.20929
O=C(Nc1ccccc1)c1ccccc1O,-3.58964
O=C(O)C(=O)O,0.38
O=C(O)C(CO)c1ccccc1,-0.93
O=C(O)C(O)(c1ccccc1)c1ccccc1,-2.20947
O=C(O)C(c1ccccc1)c1ccccc1,-3.22158
O=C(O)C1C2CCC(O2)C1C(=O)O,-0.27
O=C(O)C1CCCCC1,-1.44737
O=C(O)C=Cc1c[nH]cn1,-1.96211
O=C(O)C=Cc1ccccc1,-2.45079
O=C(O)CC(O)(CC(=O)O)C(=O)O,0.498947
O=C(O)CCC(=O)O,-0.174737
O=C(O)CCC(=O)c1ccc(-c2ccccc2)cc1,-5.06053
O=C(O)CCCC(=O)O,1.04368
O=C(O)CCCCC(=O)O,-0.744211
O=C(O)CCCCCCCC(=O)O,-1.89211
O=C(O)CCCOc1ccc(Cl)cc1Cl,-3.67105
O=C(O)CCI,-0.43
O=C(O)CCc1ccccc1,-1.40789
O=C(O)CCl,0.928947
O=C(O)CNC(=O)c1ccccc1,-1.67947
O=C(O)COc1cc(Cl)c(Cl)cc1Cl,-2.96158
O=C(O)COc1ccc(Cl)cc1,-2.29
O=C(O)COc1ccc(Cl)cc1Cl,-2.51211
O=C(O)COc1ccccc1,-1.10158
O=C(O)COc1ccccc1Cl,-2.16211
O=C(O)Cc1c(Cl)ccc(Cl)c1Cl,-3.07895
O=C(O)Cc1c[nH]c2ccccc12,-2.06842
O=C(O)Cc1cccc2ccccc12,-2.64842
O=C(O)Cc1ccccc1,-0.902632
O=C(O)Cn1c(=O)sc2cccc(Cl)c21,-2.61
O=C(O)c1cc(=O)[nH]c(=O)[nH]1,-1.93
O=C(O)c1cc(I)cc(I)c1O,-3.31
O=C(O)c1cc(O)c(O)c(O)c1,-1.15737
O=C(O)c1ccc(Cl)cc1,-3.32421
O=C(O)c1ccc(O)cc1,-1.42632
O=C(O)c1ccc([N+](=O)[O-])cc1,-2.86421
O=C(O)c1cccc(Cl)c1,-2.56421
O=C(O)c1cccc(I)c1,-3.27053
O=C(O)c1cccc([N+](=O)[O-])c1,-1.67421
O=C(O)c1ccccc1,-1.60526
O=C(O)c1ccccc1-c1ccccc1C(=O)O,-2.2821
O=C(O)c1ccccc1C(=O)O,-2.11
O=C(O)c1ccccc1C(=O)O,-1.375
O=C(O)c1ccccc1C(F)(F)F,-1.6
O=C(O)c1ccccc1Cl,-1.88211
O=C(O)c1ccccc1I,-2.73053
O=C(O)c1ccccc1Nc1cccc(C(F)(F)F)c1,-4.36
O=C(O)c1ccccc1Nc1cccc(C(F)(F)F)c1,-3.3
O=C(O)c1ccccc1O,-1.80421
O=C(O)c1cccnc1,-0.837368
O=C(O)c1cccnc1Nc1cccc(C(F)(F)F)c1,-4.17
O=C(O)c1ccco1,-0.48
O=C(O)c1ccsc1,-1.47211
O=C(Oc1ccccc1)c1ccccc1O,-3.15263
O=C(c1ccccc1)C(O)c1ccccc1,-2.85
O=C(c1ccccc1)c1ccccc1,-3.12143
O=C1C(Cl)=C(NC(=O)C(Cl)Cl)C(=O)c2ccccc21,-5.02789
O=C1C2CC=CCC2C(=O)N1SC(Cl)(Cl)C(Cl)Cl,-5.4
O=C1C=C2CC3(O)COc4c(ccc(O)c4O)C3=C2C=C1O,-2.7
O=C1C=CC(=O)C=C1,-0.989474
O=C1C=CC(O)(c2cc(O)ccc2O)C=C1,-1.73
O=C1CC(c2ccc(O)c(O)c2)Oc2cc(O)cc(O)c21,-3.62
O=C1CC2OCC=C3CN4CCC56c7ccccc7N1C5C2C3CC46,-3.32
O=C1CCC(=O)N1,0.298571
O=C1CCCCC1,-0.597857
O=C1CCCN1,1.07
O=C1CCCO1,1.06737
O=C1CN(N=Cc2ccc([N+](=O)[O-])o2)C(=O)N1,-3.38
O=C1CN=C(c2ccccc2)c2cc([N+](=O)[O-])ccc2N1,-3.798
O=C1CNC(=O)CN1,-0.83
O=C1CNC(=O)N1,-0.400714
O=C1CSC(=S)N1,-1.77
O=C1NC(=O)C(=O)C(=O)N1,-1.25
O=C1NC(=O)C(=O)N1,-0.4
O=C1NC(=O)C(O)(C2(O)C(=O)NC(=O)NC2=O)C(=O)N1,-1.99
O=C1NC(=O)C([N+](=O)[O-])C(=O)N1,-2.28
O=C1NC(=O)C(c2ccccc2)(c2ccccc2)N1,-3.99118
O=C1NC(=O)c2ccccc21,-2.61036
O=C1NCCN1c1ncc([N+](=O)[O-])s1,-3.21893
O=C1NS(=O)(=O)c2ccccc21,-1.65105
O=C1Nc2ccc(Cl)cc2C(c2ccccc2Cl)=NC1O,-3.60271
O=C1OC(=O)c2ccccc21,-1.38368
O=C1OC(c2ccc(O)cc2)(c2ccc(O)cc2)c2ccccc21,-2.90036
O=C1c2ccccc2C(=O)c2c1ccc(O)c2O,-2.77947
O=C1c2ccccc2C(=O)c2ccccc21,-5.18929
O=CNC(N1CCN(C(NC=O)C(Cl)(Cl)Cl)CC1)C(Cl)(Cl)Cl,-4.19
O=CNc1ccccc1,-0.678947
O=Cc1ccc(O)cc1,-0.965714
O=Cc1ccc2c(c1)OCO2,-1.63071
O=Cc1ccccc1,-1.19643
O=Cc1ccccc1O,-0.86
O=Cc1ccco1,-0.0985714
O=NN(c1ccccc1)c1ccccc1,-3.75158
O=NN1CCCCC1,-0.172105
O=S(=O)(CCCl)CCCl,-1.5
O=[N+]([O-])OC1COC2C(O[N+](=O)[O-])COC12,-2.63158
O=[N+]([O-])OCC(CO[N+](=O)[O-])O[N+](=O)[O-],-2.21857
O=[N+]([O-])c1c(Cl)c(Cl)c(Cl)c(Cl)c1Cl,-5.81893
O=[N+]([O-])c1ccc(C=NO)o1,-2.19
O=[N+]([O-])c1ccc(O)cc1,-0.861071
O=[N+]([O-])c1ccc(Oc2ccc(Cl)cc2Cl)cc1,-5.4575
O=[N+]([O-])c1cccc(O)c1,-1.01107
O=[N+]([O-])c1cccc2ccccc12,-4.276
O=[N+]([O-])c1cccc2ccccc12,-3.54
O=[N+]([O-])c1ccccc1,-1.78929
O=[N+]([O-])c1ccccc1O,-1.74179
O=c1[nH]cc(F)c(=O)[nH]1,-1.07189
O=c1[nH]cnc2nc[nH]c12,-2.29157
O=c1c(O)c(-c2ccc(O)cc2O)oc2cc(O)cc(O)c12,-3.08168
O=c1cc[nH]c(=O)[nH]1,-1.48721
O=c1cc[nH]c(=S)[nH]1,-2.26
O=c1ccc2ccccc2[nH]1,-2.13947
O=c1ccc2ccccc2o1,-1.88789
O=c1cccc2n1CC1CNCC2C1,0.36
O=c1ccnc[nH]1,0.59
O=c1oc(-c2ccccc2)nc2ccccc12,-4.61
OC(CCl)CCl,-0.112632
OC(Cc1ccccc1)c1ccccc1,-2.52
OC(Cn1cncn1)(c1ccc(F)cc1)c1ccccc1F,-3.36821
OC(c1ccc(Cl)cc1)(c1cncnc1)c1ccccc1Cl,-4.38107
OC(c1ccccc1)C(O)c1ccccc1,-1.93
OC(c1ccccc1)c1ccccc1,-2.54964
OC1C(O)C(O)C(O)C(O)C1O,0.189286
OC1C=CC2C1C1(Cl)C(Cl)=C(Cl)C2(Cl)C1(Cl)Cl,-5.46
OC1CC(O)C(O)C(O)C1O,-0.172105
OC1CCCCC1,-0.4175
OC1CCN2C1=Nc1ccccc1C2O,-2.07
OC1CCOC1,1.05
OC1COC(O)C(O)C1O,0.39
OCC(O)C(O)C(O)C(O)CO,0.06
OCC(O)C(O)C(O)C(O)CO,1.09
OCC(O)C(O)CO,0.699643
OCC(O)C1OC2OC(C(Cl)(Cl)Cl)OC2C1O,-1.84107
OCC(O)CO,1.09
OCC1(O)OCC(O)C(O)C1O,0.64
OCC1OC(O)C(O)C(O)C1O,0.74
OCC1OC(n2cnc3c(O)ncnc32)C(O)C1O,-1.23
OCCCc1ccccc1,-1.38
OCCN(CCO)c1ccccc1,-0.732632
OCCN1CCN(CCCN2c3ccccc3Sc3ccc(C(F)(F)F)cc32)CC1,-4.14947
OCCN1CCN(CCCN2c3ccccc3Sc3ccc(Cl)cc32)CC1,-4.15737
OCCOc1ccccc1,-0.708214
OCCc1ccccc1,-0.740526
OCc1c(Cl)cccc1Cl,-2.10105
OCc1ccccc1,-0.411429
OCc1ccccc1O,-0.292632
OCc1ccccc1OC1OC(CO)C(O)C(O)C1O,-0.85
OCc1cccnc1,0.961053
ONc1ccccc1,-0.738421
Oc1c(Cl)c(Cl)c(Cl)c(Cl)c1Cl,-4.27964
Oc1c(Cl)cc(Cl)cc1Cl,-2.35857
Oc1c2ccccc2cc2ccccc12,-4.73107
Oc1cc(Cl)c(Cl)cc1Cl,-2.21214
Oc1cc(Cl)ccc1Oc1ccc(Cl)cc1Cl,-4.46071
Oc1ccc(-c2ccccc2)cc1,-3.48036
Oc1ccc(Br)cc1,-1.09071
Oc1ccc(Cl)cc1,-0.710357
Oc1ccc(Cl)cc1Cc1cc(Cl)ccc1O,-3.95204
Oc1ccc(Cl)cc1Cl,-1.55321
Oc1ccc(O)cc1,-0.175
Oc1ccc2c(c1)CCCC2,-1.99179
Oc1ccc2ccccc2c1,-2.28036
Oc1ccc2ncccc2c1,-2.16071
Oc1cccc(Cl)c1,-0.697857
Oc1cccc(O)c1,0.811429
Oc1cccc2c(O)cccc12,-2.95526
Oc1cccc2ccccc12,-2.22036
Oc1cccc2cccnc12,-2.41893
Oc1cccc2ncccc12,-2.54
Oc1ccccc1,-0.02
Oc1ccccc1-c1ccccc1,-2.38789
Oc1ccccc1Cl,-1.05857
Oc1ccccc1O,0.620714
Oc1ccccn1,1.02
Oc1cccnc1,-0.457895
Oc1ccncc1,1.02
Oc1ncnc2[nH]ncc12,-2.37947
S=C1NCCN1,-0.708947
S=C=Nc1cccc2ccccc12,-4.60105
S=c1[nH]cnc2nccnc12,-2.77
S=c1cnc2cncnc2[nH]1,-2.71
S=c1ncc2nccnc2[nH]1,-2.36
Sc1ccccc1,-2.12
Sc1nc2ccccc2s1,-3.18071
[O-][S+](CCCl)CCCl,-1.16
c1cc(-c2ccncc2)ccn1,-1.53895
c1cc2c3c(ccc4c3c1CCC4)CCC2,-5.95947
c1cc2c3c(cccc3c1)CC2,-4.61821
c1cc2ccc3ccc4ccc5cccc6c(c1)c2c3c4c56,-9.02471
c1cc2ccc3cccc4ccc(c1)c2c34,-6.1805
c1cc2cccc3c4cccc5cccc(c(c1)c23)c54,-8.80129
c1cc[nH]c1,-0.171579
c1ccc(-c2ccc(-c3ccccc3)cc2)cc1,-7.10893
c1ccc(-c2ccccc2)cc1,-4.33446
c1ccc(-c2ccccn2)nc1,-1.42053
c1ccc(C2CO2)cc1,-1.60107
c1ccc(CCc2ccccc2)cc1,-4.6225
c1ccc(CN(CC2=NCCN2)c2ccccc2)cc1,-2.6
c1ccc(Cc2ccccc2)cc1,-4.10786
c1ccc(N=Nc2ccccc2)cc1,-4.45143
c1ccc(NNc2ccccc2)cc1,-2.92
c1ccc(Nc2ccccc2)cc1,-3.50593
c1ccc(Oc2ccccc2)cc1,-3.96571
c1ccc2[nH]ccc2c1,-1.51893
c1ccc2[nH]ncc2c1,-2.15821
c1ccc2[nH]nnc2c1,-0.779643
c1ccc2c(c1)-c1cccc3c1c-2cc1ccccc13,-8.22857
c1ccc2c(c1)-c1cccc3cccc-2c13,-5.96107
c1ccc2c(c1)CCC2,-3.03821
c1ccc2c(c1)CCN2,-1.04
c1ccc2c(c1)Cc1c-2ccc2ccccc12,-6.67929
c1ccc2c(c1)Cc1cc3ccccc3cc1-2,-8.03786
c1ccc2c(c1)Cc1ccccc1-2,-4.95107
c1ccc2c(c1)Oc1ccccc1O2,-5.31053
c1ccc2c(c1)[nH]c1ccccc12,-5.06571
c1ccc2c(c1)c1cccc3ccc4cccc2c4c31,-7.81571
c1ccc2c(c1)c1ccccc1c1ccccc21,-6.73729
c1ccc2c(c1)cc1ccc3cccc4ccc2c1c34,-8.699
c1ccc2c(c1)cc1ccc3cccc4ccc2c1c34,-8.19105
c1ccc2c(c1)ccc1c3ccc4ccccc4c3[nH]c21,-7.42
c1ccc2c(c1)ccc1c3ccccc3ccc21,-8.05796
c1ccc2c(c1)ccc1cc3c(ccc4ccccc43)cc12,-8.66
c1ccc2c(c1)ccc1cc3c(ccc4ccccc43)cc12,-8.048
c1ccc2c(c1)ccc1ccccc12,-5.235
c1ccc2c(c1)ccc1ncccc12,-3.35842
c1ccc2c(c1)cnc1ccccc12,-2.77857
c1ccc2c(c1)oc1ccccc12,-4.64786
c1ccc2c(c1)sc1ccccc12,-5.098
c1ccc2c(c1)sc1ccccc12,-4.38
c1ccc2c3c(ccc2c1)-c1cccc2cccc-3c12,-8.00143
c1ccc2cc3c(cc2c1)-c1cccc2cccc-3c12,-8.49321
c1ccc2cc3cc4ccccc4cc3cc2c1,-8.45
c1ccc2cc3ccccc3cc2c1,-6.44429
c1ccc2ccccc2c1,-3.60571
c1ccc2cnccc2c1,-1.45214
c1ccc2nc(-c3ccc4ccccc4n3)ccc2c1,-5.4
c1ccc2nc3ccccc3cc2c1,-3.66964
c1ccc2ncccc2c1,-1.30893
c1ccc2ocnc2c1,-1.15821
c1ccc2scnc2c1,-1.49893
c1ccccc1,-1.64
c1ccncc1,0.882143
c1ccnnc1,1.09857
c1ccoc1,-0.824643
c1ccsc1,-1.41
c1cnc2c(c1)ccc1ncccc12,-2.68
c1cnc2ncncc2n1,0.025
c1cncnc1,1.09857