smiles,log S
BrC(Br)(Br)Br,-3.14
BrC(Br)Br,-1.87357
BrCBr,-1.16821
BrCCBr,-1.67143
Brc1cc(Br)c(Br)cc1Br,-6.98684
Brc1cc(Br)cc(Br)c1,-5.6
Brc1ccc(Br)c(Br)c1,-4.49929
Brc1ccc(Br)cc1,-4.07071
Brc1ccc(I)cc1,-4.50316
Brc1ccc2ccccc2c1,-4.4
Brc1cccc(Br)c1,-3.54107
Brc1cccc2ccccc12,-4.34893
Brc1ccccc1,-2.54893
Brc1ccccc1Br,-3.5
C#CC,-0.41
C#CC(C)N(C)C(=O)Nc1ccc(Cl)cc1,-3.89893
C#CC(C)OC(=O)Nc1cccc(Cl)c1,-2.617
C#CC1(O)CCC2C3CCC4=CC(=O)CCC4(C)C3CCC21C,-5.65929
C#CC1(O)CCC2C3CCC4=CC(=O)CCC4(O)C3CCC21C,-4.57
C#CC1(O)CCC2C3CCC4=Cc5oncc5CC4(C)C3CCC21C,-5.507
C#CC1(O)CCC2C3CCc4cc(O)ccc4C3CCC21C,-4.3425
C#CC1(OC(C)=O)CCC2C3CCC4=CC(=O)CCC4C3CCC21C,-4.79107
C#CCC,-1.25842
C#CCCC,-1.63893
C#CCCCC,-2.33036
C#CCCCCC,-3.01
C#CCCCCCC,-3.66071
C#CCCCCCCC,-4.18786
C/C=C/C=O,0.32
C/C=C/CC,-2.54
C/C=C/CCCC,-3.82
C/C=C\CC,-2.54
C1=CCC=CC1,-2.03071
C1=CCCC1,-2.10179
C1=CCCCC1,-2.58857
C1=CCCCCC1,-3.17105
C1=Cc2cccc3cccc1c23,-3.96571
C1CCC2CCCCC2C1,-5.19105
C1CCCC1,-2.64464
C1CCCCC1,-3.13036
C1CCCCCC1,-3.515
C1CCCCCCC1,-4.15071
C1CCOC1,0.525
C1CCOC1,1.142
C1CCOCC1,-0.0303571
C=C(Br)CC1(C(C)CC)C(=O)NC(=O)NC1=O,-2.647
C=C(C)C,-2.32947
C=C(C)C(=C)C,-2.4
C=C(C)C1CC=C(C)C(=O)C1,-2.06107
C=C(C)C1CC=C(C)CC1,-4.11714
C=C(C)C1Cc2c(ccc3c2OC2COc4cc(OC)c(OC)cc4C2C3=O)O1,-4.42
C=C(C)CC,-2.73105
C=C(C)CCC,-3.03158
C=C(C)CN(CC)c1c([N+](=O)[O-])cc(C(F)(F)F)cc1[N+](=O)[O-],-6.17558
C=C(Cl)CSC(=S)N(CC)CC,-3.37571
C=C(Cl)Cl,-1.63786
C=CC,-1.08
C=CC#N,0.148929
C=CC(=C)C,-2.03143
C=CC(=O)OC,-0.2275
C=CC(C)(O)CCC=C(C)C,-1.98893
C=CC(C)C,-2.73105
C=CC(O)CCC,-0.594737
C=CC1(C)OC(=O)N(c2cc(Cl)cc(Cl)c2)C1=O,-4.925
C=CC=C,-1.86893
C=CC=O,0.572857
C=CCC,-2.18474
C=CCC1(C(C)C)C(=O)NC(=O)NC1=O,-1.71007
C=CCC1(C(C)CC)C(=O)NC(=O)NC1=O,-2.016
C=CCC1(C(C)CCC)C(=O)NC(=O)NC1=O,-2.356
C=CCC1(C(C)CCC)C(=O)NC(=S)NC1=O,-3.45929
C=CCC1(C)C(=O)NC(=O)NC1=O,-1.16
C=CCC1(CC)C(=O)NC(=O)NC1=O,-1.614
C=CCC1(CC=C)C(=O)NC(=O)NC1=O,-2.06582
C=CCC1(c2ccccc2)C(=O)NC(=O)NC1=O,-2.23075
C=CCC=C,-2.08893
C=CCCC,-2.67857
C=CCCC=C,-2.6825
C=CCCCC,-3.22857
C=CCCCCC,-3.73105
C=CCCCCCC,-4.43893
C=CCCCCCCC,-5.05071
C=CCCCCCCCC,-5.51
C=CCCCO,-0.165263
C=CCS[S+]([O-])CC=C,-0.83
C=CCc1ccc(O)c(OC)c1,-1.56071
C=CCc1ccc(OC)cc1,-2.92
C=CCl,-1.54474
C=COCC,-0.852857
C=Cc1ccccc1,-2.715
CC#N,0.26
CC#N,1.387
CC(=O)C(C)(C)C,-0.721053
CC(=O)C(C)C,-0.136316
CC(=O)C1(C)CCC2C3C=C(C)C4=CC(=O)CCC4(C)C3CCC21C,-5.27
CC(=O)C1(O)CCC2C3CC(C)C4=CC(=O)C=CC4(C)C3(F)C(O)CC21C,-4.09932
CC(=O)C1(O)CCC2C3CCC4=CC(=O)CCC4(C)C3CCC21C,-4.70895
CC(=O)C1(O)CCC2C3CCC4=CC(=O)CCC4(C)C3CCC21C,-3.817
CC(=O)C1CCC2C3CC=C4CC(O)CCC4(C)C3CCC12C,-4.65071
CC(=O)C1CCC2C3CCC4=CC(=O)CCC4(C)C3CCC12C,-4.47071
CC(=O)CC(C)C,-1.42
CC(=O)CC(C)C,-0.730526
CC(=O)CC(c1ccc(Cl)cc1)c1c(O)c2ccccc2oc1=O,-5.839
CC(=O)CC(c1ccccc1)c1c(O)c2ccccc2oc1=O,-4.02275
CC(=O)CCC1C(=O)N(c2ccccc2)N(c2ccccc2)C1=O,-3.27
CC(=O)N(C)C,1.09214
CC(=O)N(c1onc(C)c1C)[S+]([O-])c1ccc(N)cc1,-3.59
CC(=O)Nc1cc(NS(=O)(=O)C(F)(F)F)c(C)cc1C,-3.23893
CC(=O)Nc1ccc(Br)cc1,-3.0815
CC(=O)Nc1ccc(Cl)cc1,-2.8415
CC(=O)Nc1ccc(F)cc1,-1.78
CC(=O)Nc1ccc(O)cc1,-1.03107
CC(=O)Nc1ccc([N+](=O)[O-])cc1,-2.691
CC(=O)Nc1ccccc1,-1.31571
CC(=O)Nc1nnc(S(N)(=O)=O)s1,-2.35857
CC(=O)OC(C)C,-0.538929
CC(=O)OC1(C(C)=O)CCC2C3C=C(C)C4=CC(=O)CCC4(C)C3CCC21C,-5.32643
CC(=O)OC1(C)CCC2C3CCC4=CC(=O)CCC4(C)C3CCC21C,-5.284
CC(=O)OC1CCC2C3CCC4=CC(=O)CCC4(C)C3CCC12C,-5.184
CC(=O)OCC(=O)C1(O)C(C)CC2C3CCC4=CC(=O)C=CC4(C)C3(F)C(O)CC21C,-4.9
CC(=O)OCC(=O)C1(O)C(OC(C)=O)CC2C3CCC4=CC(=O)C=CC4(C)C3(F)C(O)CC21C,-4.13
CC(=O)OCC(=O)C1(O)CCC2C3CCC4=CC(=O)C=CC4(C)C3C(O)CC21C,-4.36964
CC(=O)OCC(=O)C1(O)CCC2C3CCC4=CC(=O)CCC4(C)C3C(=O)CC21C,-4.17607
CC(=O)OCC(=O)C1(O)CCC2C3CCC4=CC(=O)CCC4(C)C3C(O)CC21C,-4.54286
CC(=O)OCC(=O)C1CCC2C3CCC4=CC(=O)CCC4(C)C3CCC12C,-4.63
CC(=O)OCC(C)C,-1.23947
CC(=O)OCC(COC(C)=O)OC(C)=O,-0.591071
CC(=O)OCCC(C)C,-1.88214
CC(=O)OCN1C(=O)NC(c2ccccc2)(c2ccccc2)C1=O,-4.47
CC(=O)SC1CC2=CC(=O)CCC2(C)C2CCC3(C)C(CCC34CCC(=O)O4)C12,-4.24454
CC(=O)c1ccccc1,-1.28429
CC(C)(C)C(=O)C(Oc1ccc(Cl)cc1)n1cncn1,-3.61143
CC(C)(C)CCO,-0.5
CC(C)(C)CO,-0.400357
CC(C)(C)Cc1ccccc1,-4.15
CC(C)(C)c1ccc(O)cc1,-2.41107
CC(C)(C)c1ccccc1,-3.65929
CC(C)=CC1C(C(=O)OCc2cccc(Oc3ccccc3)c2)C1(C)C,-5.24
CC(C)=CCC/C(C)=C\CO,-2.46
CC(C)=CCC1(C(C)C)C(=O)NC(=O)NC1=O,-2.593
CC(C)=CCCC(C)=CC=O,-2.05821
CC(C)Br,-1.60464
CC(C)C,-3.076
CC(C)C,-2.55
CC(C)C(=O)C(C)C,-1.30105
CC(C)C(C(=O)OC(C#N)c1cccc(Oc2ccccc2)c1)c1ccc(OC(F)F)cc1,-6.876
CC(C)C(C)(C)C,-4.36
CC(C)C(C)C,-3.61474
CC(C)C(C)C(C)C,-4.74526
CC(C)C(C)O,-0.1925
CC(C)C(Nc1ccc(C(F)(F)F)cc1Cl)C(=O)OC(C#N)c1cccc(Oc2ccccc2)c1,-8.21195
CC(C)C(O)C(C)C,-1.22
CC(C)C1(C(C)C)C(=O)NC(=O)NC1=O,-2.766
CC(C)CBr,-2.43071
CC(C)CC(C)(C)C,-4.74316
CC(C)CC(C)(C)O,-0.934643
CC(C)CC(C)C,-4.26036
CC(C)CC(C)O,-0.798214
CC(C)CCC(C)(C)C,-5.04842
CC(C)CCCCCOC(=O)c1ccccc1C(=O)OCCCCCC(C)C,-6.637
CC(C)CCCO,-1.14
CC(C)CCO,-0.516429
CC(C)CCOC=O,-1.53421
CC(C)CCl,-2
CC(C)CNC(=O)N1CCNC1=O,-2.15
CC(C)CO,0.0660714
CC(C)COC=O,-1.00679
CC(C)Cc1ccccc1,-4.12
CC(C)Cl,-1.40786
CC(C)I,-2.08786
CC(C)N(C(=O)CCl)c1ccccc1,-2.48036
CC(C)N(C(=O)SCC(Cl)=C(Cl)Cl)C(C)C,-4.88
CC(C)N(C(=O)SCC(Cl)=CCl)C(C)C,-4.183
CC(C)NC(=O)N1CC(=O)N(c2cc(Cl)cc(Cl)c2)C1=O,-4.376
CC(C)Nc1nc(Cl)nc(NC(C)C)n1,-4.42893
CC(C)O,0.43
CC(C)O,1.221
CC(C)OC(=O)C(O)(c1ccc(Br)cc1)c1ccc(Br)cc1,-4.93107
CC(C)OC(=O)C(O)(c1ccc(Cl)cc1)c1cccc(Cl)c1,-4.53
CC(C)OC(=O)Nc1cccc(Cl)c1,-3.38
CC(C)OC(C)C,-1.708
CC(C)OC(C)C,-1.1
CC(C)OC=O,-0.629474
CC(C)OP(=S)(OC(C)C)SCCNS(=O)(=O)c1ccccc1,-4.2
CC(C)Oc1cc(-n2nc(C(C)(C)C)oc2=O)c(Cl)cc1Cl,-5.693
CC(C)SC(C)C,-2.24
CC(C)[N+](=O)[O-],-0.618214
CC(C)c1ccc(NC(=O)N(C)C)cc1,-3.53729
CC(C)c1ccccc1,-3.27786
CC(Cl)(Cl)Cl,-1.98286
CC(Cl)CCl,-1.60214
CC(Cl)Cl,-1.29036
CC(N)=O,1.58036
CC(O)C(C)(C)C,-0.621429
CC(O)c1ccccc1,-0.92
CC1(C)C(=O)NC(=O)NC1=O,-1.742
CC1(C)C(C(=O)OC(C#N)c2cccc(Oc3ccccc3)c2)C1(C)C,-6.025
CC1(C)C(C=C(Br)Br)C1C(=O)OC(C#N)c1cccc(Oc2ccccc2)c1,-8.402
CC1(C)C(C=C(Cl)C(F)(F)F)C1C(=O)OC(C#N)c1cccc(Oc2ccccc2)c1,-8.176
CC1(C)C(C=C(Cl)Cl)C1C(=O)OC(C#N)c1ccc(F)c(Oc2ccccc2)c1,-7.337
CC1(C)C(C=C(Cl)Cl)C1C(=O)OC(C#N)c1cccc(Oc2ccccc2)c1,-8.017
CC1(C)C(C=C(Cl)Cl)C1C(=O)OCc1cccc(Oc2ccccc2)c1,-6.99
CC1(C)C(C=C(Cl)Cl)C1C(=O)OCc1cccc(Oc2ccccc2)c1,-6.2905
CC1(C)C2CCC1(C)C(O)C2,-2.31964
CC1(C)CON(Cc2ccccc2Cl)C1=O,-2.338
CC1(C)OC2CC3C4CCC5=CC(=O)C=CC5(C)C4(F)C(O)CC3(C)C2(C(=O)CO)O1,-4.31536
CC12C=CC(=O)C=C1CCC1C2C(O)CC2(C)C1CCC2(O)C(=O)CO,-3.2
CC12C=CC(=O)C=C1CCC1C3CC(O)C(O)(C(=O)CO)C3(C)CC(O)C12F,-3.68786
CC12CC(=O)C3C(CCC4=CC(=O)CCC43C)C1CCC2=O,-3.48
CC12CC1(C)C(=O)N(c1cc(Cl)cc(Cl)c1)C2=O,-4.8
CC12CCC(=O)C=C1CCC1C2C(=O)CC2(C)C1CCC2(O)C(=O)CO,-3.11
CC12CCC(=O)C=C1CCC1C2C(O)CC2(C)C(C(=O)CO)CCC12,-3.24053
CC12CCC(=O)C=C1CCC1C2C(O)CC2(C)C1CCC2(O)C(=O)CO,-3.03857
CC12CCC(=O)C=C1CCC1C2C(O)CC2(C=O)C(C(=O)CO)CCC12,-3.85
CC12CCC(=O)C=C1CCC1C2CCC2(C)C(C(=O)CO)CCC12,-3.65179
CC12CCC(=O)C=C1CCC1C2CCC2(C)C(O)CCC12,-4.06143
CC12CCC(=O)C=C1CCC1C2CCC2(C)C1CCC2(C)O,-3.97861
CC12CCC(=O)C=C1CCC1C3CCC(O)(C(=O)CO)C3(C)CC(O)C12F,-3.43
CC12CCC(C1)C(C)(C)C2=O,-1.85
CC12CCC(CC1)C(C)(C)O2,-1.74429
CC12CCC(CC1=O)C2(C)C,-1.975
CC12CCC3C(=CCc4cc(O)ccc43)C1CCC2=O,-5.28029
CC12CCC3C(CC=C4CC(O)CCC43C)C1CCC2=O,-4.12071
CC12CCC3C(CCC4=CC(=O)CCC43C)C1CCC2=O,-3.69179
CC12CCC3C(CCC4CC(=O)CCC43C)C1CCC2O,-4.743
CC12CCC3C(CCC4CC(O)CCC43C)C1CCC2=O,-4.32389
CC12CCC3C(CCC4CC5SC5CC43C)C1CCC2O,-5.40893
CC12CCC3c4ccc(O)cc4CCC3C1CC(O)C2O,-4.955
CC12CCC3c4ccc(O)cc4CCC3C1CCC2=O,-3.95661
CC12CCC3c4ccc(O)cc4CCC3C1CCC2O,-4.935
CC12CCc3c(ccc4cc(O)ccc34)C1CCC2=O,-5.24143
CC1=C(C(=O)Nc2ccccc2)CCCO1,-2.55964
CC1=C(C(=O)Nc2ccccc2)S(=O)(=O)CCO1,-2.38104
CC1=C(C(=O)Nc2ccccc2)SCCO1,-3.14036
CC1=C2C3OC(=O)C(C)C3CCC2(C)C=CC1=O,-3.09
CC1=CC(=O)CC(C)(C)C1,-1.06036
CC1=CC(=O)c2ccccc2C1=O,-3.03071
CC1=CCCCC1,-3.26893
CC1CC(C)C(=O)C(C(O)CC2CC(=O)NC(=O)C2)C1,-1.12893
CC1CC2C3CC(F)C4=CC(=O)C=CC4(C)C3(F)C(O)CC2(C)C1(O)C(=O)CO,-5.613
CC1CC2C3CCC4=CC(=O)C=CC4(C)C3(F)C(O)CC2(C)C1(O)C(=O)CO,-3.66893
CC1CCC(C(C)C)C(=O)C1,-2.44571
CC1CCC(C(C)C)C(O)C1,-2.53179
CC1CCC(C)CC1,-4.46857
CC1CCCC1,-3.30071
CC1CCCCC1,-3.82786
CC1CCCCC1C,-4.17833
CC1CCCCC1NC(=O)Nc1ccccc1,-4.11036
CC1CCCO1,0.181429
CC1CO1,-0.59
CC1CO1,1.007
CC1COC2CC3(C)C(CC4C5C=C6CC(O)CCC6(C)CC5CCC43C)OC2C1,-7.32
CC1Cc2ccccc2N1NC(=O)c1ccc(Cl)c(S(N)(=O)=O)c1,-3.586
CC1OC(OC2C(O)CC(OC3C(O)CC(OC4CCC5(C)C(CCC6C5CC(O)C5(C)C(C7=CC(=O)OC7)CCC65O)C4)OC3C)OC2C)CC(O)C1O,-4.081
CC1OC(OC2C(O)CC(OC3C(O)CC(OC4CCC5(C)C(CCC6C5CCC5(C)C(C7=CC(=O)OC7)CCC65O)C4)OC3C)OC2C)CC(O)C1O,-5.293
CC=C(C(=CC)c1ccc(O)cc1)c1ccc(O)cc1,-4.95
CC=C(C)C,-2.56
CC=CC=O,0.323571
CC=Cc1ccc(OC)cc1,-3.12857
CCBr,-1.08857
CCC,-1.94
CCC#CCC,-2.08316
CCC#N,0.275789
CCC(=C(CC)c1ccc(O)cc1)c1ccc(O)cc1,-4.26
CCC(=O)CC,-0.265789
CCC(=O)Nc1ccc(Cl)c(Cl)c1,-2.995
CCC(=O)OC,-0.143571
CCC(=O)OC1CCC2C3CCC4=CC(=O)CCC4(C)C3CCC12C,-5.36893
CCC(=O)OCN1C(=O)NC(c2ccccc2)(c2ccccc2)C1=O,-4.907
CCC(Br)(CC)C(=O)NC(N)=O,-2.67857
CCC(C)(C)C,-3.59321
CCC(C)(C)CC,-4.22947
CCC(C)(C)CO,-1.07179
CCC(C)(C)Cl,-2.51
CCC(C)(C)O,0.108214
CCC(C)(O)CC,-0.373571
CCC(C)=O,0.509286
CCC(C)C,-3.17105
CCC(C)C(=O)OC1CC(C)C=C2C=CC(C)C(CCC3CC(O)CC(=O)O3)C21,-6.005
CCC(C)C(C)=O,-0.675789
CCC(C)C(C)C,-4.28053
CCC(C)C1(CC)C(=O)NC(=O)NC1=O,-2.39
CCC(C)CC,-3.68107
CCC(C)CCO,-1.376
CCC(C)CCO,-0.71
CCC(C)CO,-0.470714
CCC(C)Cl,-1.96214
CCC(C)O,0.427857
CCC(C)c1cc([N+](=O)[O-])cc([N+](=O)[O-])c1O,-3.48179
CCC(C)n1c(=O)[nH]c(C)c(Br)c1=O,-2.51405
CCC(C=O)CC,-1.52
CCC(CC)CO,-1.25464
CCC(O)(CC)CC,-0.846429
CCC(O)C(C)C,-0.702143
CCC(O)CC,-0.2375
CCC(c1ccc(O)cc1)C(CC)c1ccc(O)cc1,-4.4025
CCC1(C(C)C)C(=O)NC(=O)NC1=O,-2.20146
CCC1(C)C(=O)NC(=O)NC1=O,-1.228
CCC1(C2=CCC3CCC2C3)C(=O)NC(=O)NC1=O,-2.696
CCC1(C2=CCCCC2)C(=O)NC(=O)NC1=O,-2.16964
CCC1(CC)C(=O)NC(=O)N(C)C1=O,-2.14786
CCC1(CC)C(=O)NC(=O)NC1=O,-2.4
CCC1(CC)C(=O)NC(=O)NC1=O,-1.39158
CCC1(CC=C(C)C)C(=O)NC(=O)NC1=O,-2.253
CCC1(CCC(C)C)C(=O)NC(=O)NC1=O,-2.56918
CCC1(c2ccccc2)C(=O)NC(=O)NC1=O,-2.32743
CCC1(c2ccccc2)C(=O)NCNC1=O,-2.64
CCC1(c2ccccc2)CCC(=O)NC1=O,-2.33796
CCC1CCCCC1,-4.25036
CCC1NC(=O)c2cc(S(N)(=O)=O)c(Cl)cc2N1,-3.28857
CCC=O,0.630714
CCCBr,-1.71964
CCCC,-2.78474
CCCC(=O)CC,-0.831579
CCCC(=O)CCC,-1.39
CCCC(=O)OC,-1.92
CCCC(=O)OC,-0.826842
CCCC(=O)OCC,-1.30393
CCCC(=O)OCN1C(=O)NC(c2ccccc2)(c2ccccc2)C1=O,-5.071
CCCC(C)(C)C,-4.35842
CCCC(C)(C)CO,-1.52
CCCC(C)(C)O,-0.493214
CCCC(C)(COC(N)=O)COC(N)=O,-1.71296
CCCC(C)(O)CC,-0.993929
CCCC(C)=O,-0.23
CCCC(C)C,-3.74
CCCC(C)C1(CC)C(=O)NC(=O)NC1=O,-2.455
CCCC(C)C1(CC)C(=O)NC(=S)NC1=O,-3.36
CCCC(C)CO,-1.15321
CCCC(C)O,-0.292143
CCCC(O)CC,-0.801071
CCCC(O)CCC,-1.3975
CCCC1C(=O)N2C(N(C)C)=Nc3ccc(C)cc3N2C1=O,-3.538
CCCC1CCCC1,-4.74
CCCC1COC(Cn2cncn2)(c2ccc(Cl)cc2Cl)O1,-3.493
CCCC=C(C=O)CC,-2.46
CCCC=O,-0.00892857
CCCCBr,-2.30857
CCCCC,-3.215
CCCCC(=O)CCCC,-2.58786
CCCCC(=O)OC,-1.35
CCCCC(=O)OC1(C(=O)CO)C(C)CC2C3CCC4=CC(=O)C=CC4(C)C3(F)C(O)CC21C,-4.71
CCCCC(=O)OCC,-1.91786
CCCCC(=O)OCN1C(=O)NC(c2ccccc2)(c2ccccc2)C1=O,-4.678
CCCCC(C)(C)O,-1.07929
CCCCC(C)(O)CC,-1.6
CCCCC(C)=O,-0.785
CCCCC(C)CC,-5.15947
CCCCC(C)O,-0.883929
CCCCC(C=O)CC,-2.13
CCCCC(CC)CO,-2.16714
CCCCC(CC)COC(=O)c1ccccc1C(=O)OCC(CC)CCCC,-6.96286
CCCCC(O)CC,-1.47
CCCCC1(CC)C(=O)NC(=O)NC1=O,-1.64604
CCCCC1C(=O)N(c2ccccc2)N(c2ccc(O)cc2)C1=O,-3.73107
CCCCC1C(=O)N(c2ccccc2)N(c2ccccc2)C1=O,-3.81071
CCCCC=O,-0.856071
CCCCCBr,-3.075
CCCCCC,-3.88214
CCCCCC(=O)OC,-1.955
CCCCCC(=O)OCC,-2.34071
CCCCCC(=O)OCN1C(=O)NC(c2ccccc2)(c2ccccc2)C1=O,-5.886
CCCCCC(C)(C)O,-1.72
CCCCCC(C)=O,-1.43107
CCCCCC(C)C,-5.08
CCCCCC(C)O,-1.55036
CCCCCC(O)CC,-1.98
CCCCCC1CCCC1,-6.08
CCCCCC=O,-1.28179
CCCCCCBr,-3.80929
CCCCCCC,-4.50821
CCCCCCC(=O)OCC,-2.72929
CCCCCCC(=O)OCN1C(=O)NC(c2ccccc2)(c2ccccc2)C1=O,-6.301
CCCCCCC(C)=O,-2.08714
CCCCCCC(C)O,-2.09
CCCCCCCBr,-4.43036
CCCCCCCC,-5.23929
CCCCCCCC(=O)OC,-3.31929
CCCCCCCC(=O)OCC,-3.39036
CCCCCCCC(=O)OCN1C(=O)NC(c2ccccc2)(c2ccccc2)C1=O,-6.523
CCCCCCCC(C)=O,-2.58143
CCCCCCCC(C)O,-2.74211
CCCCCCCCBr,-5.06107
CCCCCCCCC,-5.82
CCCCCCCCC(=O)OC,-3.64105
CCCCCCCCC(=O)OCC,-3.8
CCCCCCCCC(C)=O,-3.30643
CCCCCCCCCC(=O)OC,-4.64821
CCCCCCCCCC(=O)OCC,-4.1
CCCCCCCCCC(C)O,-2.94
CCCCCCCCCCCC(=O)OC,-4.69
CCCCCCCCCCCCCC,-7.96
CCCCCCCCCCCCCC,-7.456
CCCCCCCCCCCCCCCC,-8.4
CCCCCCCCCCCCCCCCCCCC,-8.172
CCCCCCCCCCCCCCCCCCCCCCCCCC,-8.334
CCCCCCCCCCCCCCCCCCO,-8.39526
CCCCCCCCCCCCCCCCO,-7.17571
CCCCCCCCCCCCCCCO,-6.35
CCCCCCCCCCCCCCO,-5.9125
CCCCCCCCCCCCO,-4.71107
CCCCCCCCCCO,-3.63036
CCCCCCCCCO,-3.01107
CCCCCCCCO,-2.38714
CCCCCCCCOC(=O)c1ccccc1C(=O)OCCCCCCCC,-5.115
CCCCCCCCl,-3.99536
CCCCCCCI,-4.81
CCCCCCCO,-1.82143
CCCCCCCl,-3.12
CCCCCCO,-1.23964
CCCCCCOC(=O)c1ccccc1C(=O)OCCCCCC,-6.144
CCCCCCc1ccc(O)cc1O,-2.58964
CCCCCCc1ccccc1,-5.22607
CCCCCCl,-2.73
CCCCCO,-0.601071
CCCCCOC(=O)CC,-1.28
CCCCCOC(C)=O,-1.88536
CCCCCc1ccccc1,-4.64
CCCCCl,-1.9925
CCCCI,-2.96
CCCCN(C)C(=O)Nc1ccc(Cl)c(Cl)c1,-4.76571
CCCCN(CC)C(=O)SCCC,-3.44
CCCCN(CC)c1c([N+](=O)[O-])cc(C(F)(F)F)cc1[N+](=O)[O-],-6.525
CCCCN(CC)c1c([N+](=O)[O-])cc(C(F)(F)F)cc1[N+](=O)[O-],-5.53
CCCCNC(=O)n1c(NC(=O)OC)nc2ccccc21,-4.883
CCCCO,-0.0246429
CCCCOC,-0.99
CCCCOC(=O)CCCCCCCCC(=O)OCCCC,-3.896
CCCCOC(=O)c1ccc(N)cc1,-2.90989
CCCCOC(=O)c1ccccc1C(=O)OCCCC,-4.39821
CCCCOC=O,-1.24421
CCCCOCCCC,-2.638
CCCCOCCCC,-1.85
CCCCOCCO,-0.42
CCCCOCCO,0.927
CCCCOCN(C(=O)CCl)c1c(CC)cccc1CC,-4.19107
CCCCOc1ccc(C(=O)OCC)c(N(CC)CC)c1,-3.84
CCCCS,-2.17964
CCCCSP(=O)(SCCCC)SCCCC,-5.31643
CCCCc1c(C)nc(N(C)C)nc1O,-2.24071
CCCCc1c(C)nc(NCC)[nH]c1=O,-3.028
CCCCc1c(C)nc(NCC)nc1OS(=O)(=O)N(C)C,-4.16
CCCCc1ccccc1,-4.05857
CCCCl,-1.46679
CCCI,-2.25821
CCCN(CCC)c1c([N+](=O)[O-])cc(C(C)C)cc1[N+](=O)[O-],-6.49
CCCN(CCC)c1c([N+](=O)[O-])cc(C(F)(F)F)cc1[N+](=O)[O-],-5.81143
CCCN(CCC)c1c([N+](=O)[O-])cc(S(N)(=O)=O)cc1[N+](=O)[O-],-5.16
CCCN(CCC)c1c([N+](=O)[O-])cc(S(N)(=O)=O)cc1[N+](=O)[O-],-3.61
CCCO,0.62
CCCO,1.221
CCCOC,-0.388571
CCCOC(=O)CC,-1.34
CCCOC(=O)CC,-0.82
CCCOC(=O)CCC,-1.86
CCCOC(=O)c1ccc(N)cc1,-2.3685
CCCOC(C)=O,-0.724643
CCCOC(C)C,-1.33893
CCCOC=O,-0.530357
CCCOCC,-0.726071
CCCOCCC,-1.5125
CCCOP(=S)(OCCC)SCC(=O)N1CCCCC1C,-4.15
CCCSCCC,-2.58
CCC[N+](=O)[O-],-0.790714
CCCc1ccccc1,-3.36714
CCCl,-1.05737
CCI,-1.60036
CCN(CC)C(=O)C(C)Oc1cccc2ccccc12,-3.57
CCN(CC)C(=O)C(Cl)=CCOP(=O)(OC)OC,0.523
CCN(CC)C(=O)CSc1ccc(Cl)nn1,-1.716
CCN(CC)C(=S)SSC(=S)N(CC)CC,-4.86
CCN(CC)c1c([N+](=O)[O-])cc(C(F)(F)F)c(N)c1[N+](=O)[O-],-5.46893
CCN(CC)c1ccccc1,-3.02929
CCN(CC)c1nc(Cl)nc(N(CC)CC)n1,-4.411
CCN(CC)c1nc(Cl)nc(NC(C)C)n1,-3.785
CCN(Cc1c(F)cccc1Cl)c1c([N+](=O)[O-])cc(C(F)(F)F)cc1[N+](=O)[O-],-6.69842
CCN1C(=O)c2ccccc2Oc2ccccc21,-3.68
CCN1C(=O)c2cccnc2N(CC)c2ncccc21,-2.86
CCN1c2cc(Cl)ccc2NC(=O)c2cccnc21,-5.36
CCN1c2cc(N(C)C)cc(C)c2NC(=O)c2cccnc21,-4.871
CCN1c2cc(OC)cc(C)c2NC(=O)c2cccnc21,-5.153
CCN1c2ccccc2C(=O)N(C)c2ccccc21,-4.749
CCN1c2ccccc2N(C)C(=O)c2cccnc21,-3.324
CCN1c2ccccc2N(C)C(=S)c2cccnc21,-4.706
CCN1c2nc(N(C)CCO)ccc2NC(=O)c2cccnc21,-3.36
CCN1c2ncccc2C(=O)N(C)c2ccc(Cl)nc21,-4.114
CCN1c2ncccc2C(=O)N(C)c2cccnc21,-2.62
CCN1c2ncccc2C(=O)Nc2c(C(F)(F)F)cc(C)nc21,-4.207
CCN1c2ncccc2C(=O)Nc2c(C)cc(C)nc21,-4.554
CCN1c2ncccc2C(=S)N(C)c2cccnc21,-4.634
CCNC(=O)C(C)OC(=O)Nc1ccccc1,-1.82964
CCNC(=S)NCC,-1.46
CCNP(=S)(OC)OC(C)=CC(=O)OC(C)C,-3.408
CCNc1ccccc1,-1.7
CCNc1nc(Cl)nc(N(CC)CC)n1,-4.06
CCNc1nc(Cl)nc(NC(C)(C)C#N)n1,-3.15036
CCNc1nc(Cl)nc(NC(C)C)n1,-3.76679
CCNc1nc(Cl)nc(NCC)n1,-4.54964
CCNc1nc(NC(C)(C)C)nc(OC)n1,-3.239
CCNc1nc(NC(C)(C)C)nc(SC)n1,-3.99464
CCNc1nc(NC(C)C)nc(OC)n1,-2.084
CCNc1nc(NC(C)C)nc(SC)n1,-3.03893
CCO,1.22474
CCOC(=O)C=Cc1ccccc1,-2.99857
CCOC(=O)CC,-0.683571
CCOC(=O)CC(=O)OCC,-0.826786
CCOC(=O)CC(SP(=S)(OC)OC)C(=O)OCC,-3.36464
CCOC(=O)CCN(SN(C)C(=O)Oc1cccc2c1OC(C)(C)C2)C(C)C,-4.71
CCOC(=O)N(C)C(=O)CSP(=S)(OCC)OCC,-2.518
CCOC(=O)NCCOc1ccc(Oc2ccccc2)cc1,-4.70053
CCOC(=O)Nc1cccc(OC(=O)Nc2ccccc2)c1,-4.632
CCOC(=O)c1ccc(N)cc1,-2.33693
CCOC(=O)c1ccc(O)cc1,-2.33536
CCOC(=O)c1ccccc1,-2.31964
CCOC(=O)c1ccccc1C(=O)OCC,-2.33679
CCOC(=O)c1ccccc1S(=O)(=O)NN(C=O)c1nc(Cl)cc(OC)n1,-4.576
CCOC(=O)c1cncn1C(C)c1ccccc1,-4.735
CCOC(C)=O,-0.0407143
CCOC(C)OCC,-0.429643
CCOC(N)=O,0.8075
CCOC1Oc2ccc(OS(C)(=O)=O)cc2C1(C)C,-3.41857
CCOC=O,0.123571
CCOCC,-0.0896429
CCOCCOCC,-0.77
CCOCCOCC,-0.15
CCOP(=O)(OCC)OCC,0.433214
CCOP(=S)(CC)Oc1cc(Cl)c(Cl)cc1Cl,-5.752
CCOP(=S)(NC(C)C)Oc1ccccc1C(=O)OC(C)C,-4.194
CCOP(=S)(OCC)N1C(=O)c2ccccc2C1=O,-3.35071
CCOP(=S)(OCC)ON=C(C#N)c1ccccc1,-4.73989
CCOP(=S)(OCC)Oc1cc(C)nc(C(C)C)n1,-3.76464
CCOP(=S)(OCC)Oc1ccc([N+](=O)[O-])cc1,-4.53714
CCOP(=S)(OCC)Oc1ccc([S+](C)[O-])cc1,-2.26
CCOP(=S)(OCC)Oc1ccc2oc(=O)c(Cl)c(C)c2c1,-5.382
CCOP(=S)(OCC)Oc1nc(Cl)c(Cl)cc1Cl,-5.60786
CCOP(=S)(OCC)Oc1nc(Cl)n(C(C)C)n1,-3.48011
CCOP(=S)(OCC)SC(CCl)N1C(=O)c2ccccc2C1=O,-6.34
CCOP(=S)(OCC)SCCSCC,-4.22857
CCOP(=S)(OCC)SCSC(C)(C)C,-4.755
CCOP(=S)(OCC)SCSCC,-3.96964
CCOP(=S)(OCC)SCSP(=S)(OCC)OCC,-5.44857
CCOP(=S)(OCC)SCSc1ccc(Cl)cc1,-5.73729
CCOP(=S)(OCC)SCn1c(=O)oc2cc(Cl)ccc21,-5.233
CCOc1ccc(C(C)(C)COCc2cccc(Oc3ccccc3)c2)cc1,-8.6
CCOc1ccc(NC(C)=O)cc1,-2.36321
CCOc1ccc(NC(N)=O)cc1,-2.17107
CCOc1ccc2nc(S(N)(=O)=O)sc2c1,-3.81
CCOc1ccccc1,-2.33071
CCS,-0.6
CCSC(=O)N(CC(C)C)CC(C)C,-3.68
CCSC(=O)N(CC)C1CCCCC1,-3.4
CCSCC,-1.40316
CCSCCSP(=S)(OC)OC,-3.091
CCSCc1ccccc1OC(=O)NC,-2.09107
CCSSCC,-2.42
CC[N+](=O)[O-],-0.211053
CCc1ccc(C)cc1,-3.1075
CCc1ccc(CC)cc1,-3.74393
CCc1ccc2ccccc2c1,-4.29
CCc1cccc(C)c1N(C(=O)CCl)C(C)COC,-2.72964
CCc1cccc(CC)c1N(COC)C(=O)CCl,-3.18536
CCc1cccc2ccccc12,-4.16786
CCc1ccccc1,-2.78
CCc1ccccc1C,-3.20893
CCc1ccccc1CC,-3.27789
CCc1ccccn1,0.505263
CN(C(=O)COc1nc2ccccc2s1)c1ccccc1,-4.873
CN(C(=O)NC(C)(C)c1ccccc1)c1ccccc1,-3.35
CN(C)C(=O)C(c1ccccc1)c1ccccc1,-2.97429
CN(C)C(=O)N(C)C,0.938214
CN(C)C(=O)NC1CC2CC1C1CCCC21,-3.0905
CN(C)C(=O)NC1CCCCCCC1,-2.289
CN(C)C(=O)Nc1ccc(-n2nc(C(C)(C)C)oc2=O)c(Cl)c1,-4.328
CN(C)C(=O)Nc1ccc(Cl)c(Cl)c1,-3.76714
CN(C)C(=O)Nc1ccc(Cl)cc1,-2.90643
CN(C)C(=O)Nc1ccc(Oc2ccc(Cl)cc2)cc1,-4.89179
CN(C)C(=O)Nc1cccc(C(F)(F)F)c1,-3.43214
CN(C)C(=O)Nc1cccc(OC(=O)NC(C)(C)C)c1,-2.93
CN(C)C(=O)Nc1ccccc1,-1.60357
CN(C)C(=O)OC1=CC(=O)CC(C)(C)C1,-0.849286
CN(C)C(=O)SCCCCOc1ccccc1,-3.927
CN(C)C(=S)SSC(=S)N(C)C,-3.9
CN(C)c1ccccc1,-1.92071
CN(C)c1nc(N(C)C)nc(N(C)C)n1,-3.364
CN1C(=O)CN=C(c2ccccc2)c2cc(Cl)ccc21,-3.75629
CN1C(=O)CN=C(c2ccccc2)c2cc([N+](=O)[O-])ccc21,-3.798
CN1C(=O)c2cccnc2Oc2ccccc21,-3.672
CN1C(C(=O)Nc2ccccn2)=C(O)c2ccccc2S1(=O)=O,-4.16
CN1CC(O)N(c2nnc(C(C)(C)C)s2)C1=O,-1.877
CNC(=O)C(C)SCCSP(=O)(OC)OC,1.144
CNC(=O)C=C(C)OP(=O)(OC)OC,0.651
CNC(=O)ON=C(CSC)C(C)(C)C,-1.62
CNC(=O)ON=C(SC)C(=O)N(C)C,0.106
CNC(=O)Oc1cc(C(C)(C)C)cc(C(C)(C)C)c1,-4.24
CNC(=O)Oc1cc(C)cc(C)c1,-2.581
CNC(=O)Oc1ccc(N(C)C)c(C)c1,-2.35893
CNC(=O)Oc1cccc(N=CN(C)C)c1,-2.34
CNC(=O)Oc1cccc(N=CN(C)C)c1,-1.546
CNC(=O)Oc1cccc2c1OC(C)(C)C2,-2.82105
CNC(=O)Oc1cccc2ccccc12,-3.30021
CNC(=O)Oc1ccccc1,-1.803
CNC(=O)Oc1ccccc1C(C)C,-2.76879
CNC(=O)Oc1ccccc1C1OCCO1,-1.57036
CNC(=O)Oc1ccccc1OC(C)C,-2.05036
CNN,1.33893
CNc1ccccc1,-1.28
CNc1cnn(-c2cccc(C(F)(F)F)c2)c(=O)c1Cl,-4.043
COC(=O)C1=C(C)NC(C)=C(C(=O)OC)C1c1ccccc1[N+](=O)[O-],-4.76
COC(=O)Nc1cccc(OC(=O)Nc2cccc(C)c2)c1,-4.79132
COC(=O)Nc1nc2ccc(C(=O)c3ccccc3)cc2[nH]1,-3.88
COC(=O)c1cc(O)c(O)c(O)c1,-1.24
COC(=O)c1ccc(O)cc1,-1.79654
COC(=O)c1ccccc1,-1.83643
COC(=O)c1ccccc1C(=O)OC,-1.66929
COC(=O)c1ccccc1OC1OC(COC2OCC(O)C(O)C2O)C(O)C(O)C1O,-0.742
COC(=O)c1cccnc1,-0.46
COC(C)(C)C,-0.239286
COC(C)(C)CCCC(C)CC=CC(C)=CC(=O)OC(C)C,-5.24571
COC(C)=O,0.499286
COC1=C(OC)C2C(=O)OCC2C=C1,-1.899
COC1=CC(=O)CC(C)C12Oc1c(Cl)c(OC)cc(OC)c1C2=O,-4.61053
COC1=CC(=O)CC(C)C12Oc1c(Cl)c(OC)cc(OC)c1C2=O,-3.246
COC1=CC2OC3C=CC(O)=CC3C(=O)C2C(O)=C1,-2.943
COC=O,0.624286
COCC(=O)N(c1c(C)cccc1C)C(C)C(=O)OC,-1.60068
COCCCNc1nc(NC(C)C)nc(SC)n1,-2.928
COCOC,0.489286
CON(C)C(=O)Nc1ccc(Br)c(Cl)c1,-3.924
CON(C)C(=O)Nc1ccc(Cl)c(Cl)c1,-3.5435
CON(C)C(=O)Nc1ccc(Cl)cc1,-2.49607
COP(=O)(NC(C)=O)SC,0.597895
COP(=O)(OC)C(O)C(Cl)(Cl)Cl,-0.259643
COP(=O)(OC)OC(=CCl)c1cc(Cl)c(Cl)cc1Cl,-4.522
COP(=O)(OC)OC(Br)C(Cl)(Cl)Br,-2.28
COP(=S)(OC)Oc1cc(Cl)c(Br)cc1Cl,-6.08857
COP(=S)(OC)Oc1cc(Cl)c(Cl)cc1Cl,-5.64393
COP(=S)(OC)Oc1cc(Cl)c(I)cc1Cl,-6.61857
COP(=S)(OC)Oc1ccc(SC)c(C)c1,-4.56964
COP(=S)(OC)Oc1ccc(Sc2ccc(OP(=S)(OC)OC)cc2)cc1,-6.237
COP(=S)(OC)Oc1ccc([N+](=O)[O-])c(C)c1,-3.97679
COP(=S)(OC)Oc1ccc([N+](=O)[O-])cc1Cl,-4.30857
COP(=S)(OC)SCC(=O)N(C)C=O,-1.995
COP(=S)(OC)SCC(=O)N(c1ccc(Cl)cc1)C(C)C,-4.432
COc1c(O)c(Cl)c(Cl)c(Cl)c1Cl,-4.02
COc1c2occc2c(OC)c2c(=O)cc(C)oc12,-3.021
COc1c2occc2c(OC)c2c(=O)cc(C)oc12,-2.4
COc1c2occc2cc2ccc(=O)oc12,-3.66021
COc1cc(C2c3cc4c(cc3C(OC3OC5COC(C)OC5C(O)C3O)C3COC(=O)C23)OCO4)cc(OC)c1O,-3.571
COc1cc2c(N)nc(N3CCN(C(=O)OCC(C)(C)O)CC3)nc2c(OC)c1OC,-3.638
COc1ccc(C(O)(c2cncnc2)C2CC2)cc1,-2.59729
COc1ccc(C(c2ccc(OC)cc2)C(Cl)(Cl)Cl)cc1,-6.76464
COc1ccc(C=O)cc1,-1.49429
COc1ccc(Cl)cc1,-2.78
COc1ccc(NC(=O)N(C)C)cc1Cl,-2.57295
COc1ccc(Oc2ccc(NC(=O)N(C)C)cc2)cc1,-4.15857
COc1ccc([N+](=O)[O-])cc1,-2.41143
COc1ccc2ccc(=O)oc2c1CC=C(C)C,-4.31093
COc1cccc(Cl)c1,-2.78
COc1ccccc1,-1.90964
COc1ccccc1Cl,-2.46
COc1ccccc1O,-1.96
COc1ccccc1O,-0.822
COc1ccccc1OCC(O)COC(N)=O,-0.985
COc1ccccc1[N+](=O)[O-],-1.95893
COc1cnc2cncnc2n1,-0.91
COc1cnc2ncncc2n1,-1.139
COc1nc(NC(C)C)nc(NC(C)C)n1,-2.478
COc1ncc2nccnc2n1,-1.11
COc1ncnc2nccnc12,-1.11
CS(=O)(=O)c1ccc(C(O)C(CO)NC(=O)C(Cl)Cl)cc1,-2.154
CSC,-0.994
CSC,-0.45
CSC[S+]([O-])CC(CO)NC(=O)C=Cc1c(C)[nH]c(=O)[nH]c1=O,-1.981
CSSC,-1.44
CSc1ccccc1,-2.39
CSc1nc(N(C)C)nc(N(C)C)n1,-2.676
CSc1nc(NC(C)C)nc(NC(C)C)n1,-4.01571
CSc1nnc(C(C)(C)C)c(=O)n1N,-2.24879
C[N+](=O)[O-],0.26
Cc1[nH]c(=O)n(C(C)(C)C)c(=O)c1Cl,-2.48307
Cc1c(C)c(C)c(C)c(C)c1C,-5.839
Cc1c(C)c(C)c(C)c(C)c1C,-5.23
Cc1c(C)c2c3ccccc3ccc2c2ccccc12,-7.01053
Cc1c(F)c(F)c(COC(=O)C2C(C=C(Cl)C(F)(F)F)C2(C)C)c(F)c1F,-7.321
Cc1c(N(C)C)c(=O)n(-c2ccccc2)n1C,-0.544143
Cc1c(N)c(=O)n(-c2ccccc2)n1C,-0.622
Cc1c([N+](=O)[O-])cc([N+](=O)[O-])cc1[N+](=O)[O-],-3.23158
Cc1c([N+](=O)[O-])cccc1[N+](=O)[O-],-3
Cc1c2ccccc2c(C)c2c1ccc1ccccc12,-6.87857
Cc1c2ccccc2c(C)c2ccccc12,-6.56857
Cc1c2ccccc2cc2ccccc12,-5.88179
Cc1c[nH]c(=O)[nH]c1=O,-1.51514
Cc1c[nH]c(=O)nc1N,-1.458
Cc1c[nH]c2ccccc12,-2.42036
Cc1cc(=O)[nH]c(=S)[nH]1,-2.433
Cc1cc(=O)n(-c2ccccc2)n1C,-0.564
Cc1cc(=O)n(-c2ccccc2)n1C,0.5525
Cc1cc(C(=O)NNCc2ccccc2)no1,-2.461
Cc1cc(C)c(C)c(C)c1C,-3.99321
Cc1cc(C)c(C)cc1C,-4.58789
Cc1cc(C)c(O)c(C)c1,-2.05263
Cc1cc(C)c2ccccc2c1,-4.29036
Cc1cc(C)cc(C)c1,-3.39893
Cc1cc(C)cc(O)c1,-1.39964
Cc1cc(Cl)ccc1N=CN(C)C,-2.86071
Cc1cc(OC(=O)N(C)C)n(-c2ccccc2)n1,-2.09
Cc1cc(S(=O)(=O)c2ccccc2)ccc1NS(=O)(=O)C(F)(F)F,-3.8
Cc1cc([N+](=O)[O-])cc([N+](=O)[O-])c1O,-3
Cc1cc([N+](=O)[O-])cc([N+](=O)[O-])c1O,-1.456
Cc1cc2c3ccccc3ccc2c2ccccc12,-6.57053
Cc1cc2ccccc2c2ccc3ccccc3c12,-6.59105
Cc1cc2ccccc2cc1C,-4.7825
Cc1cc2nc3c(=O)[nH]c(=O)nc-3n(CC(O)C(O)C(O)CO)c2cc1C,-3.6825
Cc1ccc(-c2ccccc2)cc1,-4.61895
Cc1ccc(Br)cc1,-3.19071
Cc1ccc(C(C)C)c(O)c1,-2.22071
Cc1ccc(C(C)C)cc1,-3.76607
Cc1ccc(C(C)C)cc1O,-2.08
Cc1ccc(C)c(C)c1,-3.315
Cc1ccc(C)c2ccccc12,-4.13893
Cc1ccc(C)cc1,-2.78643
Cc1ccc(Cl)cc1,-3.07893
Cc1ccc(N)cc1,-1.2125
Cc1ccc(N=CN(C)C=Nc2ccc(C)cc2C)c(C)c1,-5.47
Cc1ccc(NC(=O)N(C)C)cc1Cl,-3.483
Cc1ccc(O)c(C)c1,-1.19036
Cc1ccc(O)cc1,-0.710357
Cc1ccc(O)cc1C,-1.4
Cc1ccc(OP(=O)(Oc2cccc(C)c2)Oc2ccccc2C)cc1,-6.01
Cc1ccc(S(N)(=O)=O)cc1,-1.73786
Cc1ccc([N+](=O)[O-])cc1,-2.49071
Cc1ccc([N+](=O)[O-])cc1[N+](=O)[O-],-2.82474
Cc1ccc2c(c1)C(=O)N(C)c1cc(N)ccc1O2,-3.928
Cc1ccc2c(c1)Oc1ncc(N)cc1C(=O)N2C,-3.043
Cc1ccc2c(ccc3c4c5c(cccc5cc32)CC4)c1,-7.92
Cc1ccc2c(ccc3ccccc32)c1,-5.83842
Cc1ccc2cc(C)ccc2c1,-4.89107
Cc1ccc2cc3ccccc3cc2c1,-6.95857
Cc1ccc2ccc(C)nc2c1,-1.94143
Cc1ccc2ccccc2c1,-3.76714
Cc1cccc(C)c1,-2.81964
Cc1cccc(C)c1C,-3.20143
Cc1cccc(C)c1NC(=O)c1cc(S(N)(=O)=O)c(Cl)cc1O,-3.78893
Cc1cccc(C)c1O,-1.30179
Cc1cccc(C)n1,0.448929
Cc1cccc(N)c1,-0.851429
Cc1cccc(O)c1,-0.679286
Cc1cccc([N+](=O)[O-])c1,-2.43929
Cc1cccc2c(C)cccc12,-4.72611
Cc1cccc2c1Cc1ccccc1-2,-5.21929
Cc1cccc2c1ccc1ccccc12,-5.85211
Cc1cccc2ccccc12,-3.71464
Cc1cccc2sc3nncn3c12,-2.07107
Cc1ccccc1,-2.22179
Cc1ccccc1-n1c(C)nc2ccccc2c1=O,-2.925
Cc1ccccc1Br,-2.23
Cc1ccccc1C,-2.79143
Cc1ccccc1C(C)C,-3.76
Cc1ccccc1Cl,-3.52
Cc1ccccc1Cl,-2.53
Cc1ccccc1N,-2.21
Cc1ccccc1N,-0.828947
Cc1ccccc1N1C(=O)c2cc(S(N)(=O)=O)c(Cl)cc2NC1C,-3.78107
Cc1ccccc1O,-0.620357
Cc1ccccc1[N+](=O)[O-],-2.32786
Cc1cccnc1C,0.381786
Cc1ccnc(C)c1,0.427857
Cc1ccnc2c1NC(=O)c1cccnc1N2C1CC1,-3.19
Cc1ccncc1C,0.359643
Cc1cnc2cncnc2n1,-0.854
Cc1cnc2cncnc2n1,0.06
Cc1cncc(C)c1,0.38
Cc1nc(N(C)C)nc(OC(=O)N(C)C)c1C,-1.94857
Cc1ncc([N+](=O)[O-])n1CCO,-1.25
Cc1ncc2nccnc2n1,-0.12
Cc1ncnc2nccnc12,-0.468
Cc1nnc2n1-c1ccc(Cl)cc1C(c1ccccc1Cl)=NC2,-4.085
Cc1occc1C(=O)Nc1ccccc1,-3.30143
Cl/C=C\Cl,-1.3
ClC(Br)Br,-1.90679
ClC(Cl)(Cl)C(Cl)(Cl)Cl,-4.488
ClC(Cl)(Cl)C(Cl)(Cl)Cl,-3.67
ClC(Cl)(Cl)Cl,-2.30214
ClC(Cl)=C(Cl)C(Cl)=C(Cl)Cl,-4.91357
ClC(Cl)=C(Cl)Cl,-2.67536
ClC(Cl)=C(c1ccc(Cl)cc1)c1ccc(Cl)cc1,-6.9
ClC(Cl)Br,-1.60893
ClC(Cl)C(Cl)(Cl)Cl,-2.60893
ClC(Cl)C(Cl)Cl,-1.745
ClC(Cl)Cl,-1.1725
ClC1(Cl)C2(Cl)C3(Cl)C4(Cl)C(Cl)(Cl)C5(Cl)C3(Cl)C1(Cl)C5(Cl)C24Cl,-6.8
ClC1=C(Cl)C(Cl)(C2(Cl)C(Cl)=C(Cl)C(Cl)=C2Cl)C(Cl)=C1Cl,-7.278
ClC1=C(Cl)C2(Cl)C3C(Cl)C(Cl)CC3C1(Cl)C2(Cl)Cl,-6.86143
ClC1=C(Cl)C2(Cl)C3C(Cl)C=CC3C1(Cl)C2(Cl)Cl,-6.31796
ClC1=C(Cl)C2(Cl)C3C4C=CC(C4)C3C1(Cl)C2(Cl)Cl,-7.33105
ClC1=C(Cl)C2(Cl)C3C4C=CC(C4)C3C1(Cl)C2(Cl)Cl,-6.307
ClC1=C(Cl)C2(Cl)C3C4CC(C5OC45)C3C1(Cl)C2(Cl)Cl,-6.25339
ClC1=C(Cl)C2(Cl)C3CC=CC3C1(Cl)C2(Cl)Cl,-5.64
ClC1C(Cl)C(Cl)C(Cl)C(Cl)C1Cl,-4.76893
ClC=C(Cl)Cl,-2.00179
ClCBr,-0.889643
ClCC(Cl)(Cl)Cl,-2.18
ClCC(Cl)Cl,-1.48
ClCCBr,-1.31929
ClCCCCl,-1.61786
ClCCCl,-1.06179
ClCCl,-0.696071
ClCc1ccccc1,-2.38714
Clc1c(Cl)c(Cl)c(-c2c(Cl)c(Cl)c(Cl)c(Cl)c2Cl)c(Cl)c1Cl,-11.61
Clc1c(Cl)c(Cl)c(-c2c(Cl)c(Cl)c(Cl)c(Cl)c2Cl)c(Cl)c1Cl,-10.827
Clc1c(Cl)c(Cl)c(-c2ccccc2)c(Cl)c1Cl,-7.92
Clc1c(Cl)c(Cl)c2nccnc2c1Cl,-5.42929
Clc1cc(-c2cc(Cl)c(Cl)c(Cl)c2Cl)c(Cl)c(Cl)c1Cl,-9.16
Clc1cc(Cl)c(-c2c(Cl)cc(Cl)cc2Cl)c(Cl)c1,-8.79464
Clc1cc(Cl)c(-c2c(Cl)cccc2Cl)c(Cl)c1,-7.32
Clc1cc(Cl)c(-c2cc(Cl)c(Cl)cc2Cl)cc1Cl,-8.56714
Clc1cc(Cl)c(-c2cccc(Cl)c2Cl)cc1Cl,-7.13105
Clc1cc(Cl)c(Cl)c(-c2c(Cl)c(Cl)cc(Cl)c2Cl)c1Cl,-9.26286
Clc1cc(Cl)c(Cl)c(Cl)c1,-4.62893
Clc1cc(Cl)c(Cl)c(Cl)c1Cl,-5.58893
Clc1cc(Cl)c(Cl)cc1Cl,-5.56
Clc1cc(Cl)cc(Cl)c1,-4.48
Clc1ccc(-c2c(Cl)c(Cl)c(Cl)c(Cl)c2Cl)c(Cl)c1,-7.92
Clc1ccc(-c2c(Cl)cc(Cl)c(Cl)c2Cl)c(Cl)c1Cl,-8.3
Clc1ccc(-c2c(Cl)cc(Cl)c(Cl)c2Cl)c(Cl)c1Cl,-7.66
Clc1ccc(-c2c(Cl)ccc(Cl)c2Cl)c(Cl)c1,-7.43
Clc1ccc(-c2c(Cl)cccc2Cl)cc1,-6.17632
Clc1ccc(-c2cc(Cl)c(Cl)c(Cl)c2Cl)c(Cl)c1,-8.52
Clc1ccc(-c2cc(Cl)c(Cl)c(Cl)c2Cl)c(Cl)c1,-7.39
Clc1ccc(-c2cc(Cl)c(Cl)c(Cl)c2Cl)cc1Cl,-7.82
Clc1ccc(-c2cc(Cl)ccc2Cl)c(Cl)c1,-6.57107
Clc1ccc(-c2cc(Cl)ccc2Cl)cc1,-6.25214
Clc1ccc(-c2ccc(Cl)c(Cl)c2Cl)c(Cl)c1,-7.70526
Clc1ccc(-c2ccc(Cl)c(Cl)c2Cl)c(Cl)c1Cl,-9.013
Clc1ccc(-c2ccc(Cl)c(Cl)c2Cl)c(Cl)c1Cl,-8.01
Clc1ccc(-c2ccc(Cl)cc2)cc1,-6.55857
Clc1ccc(-c2cccc(Cl)c2Cl)cc1,-6.26929
Clc1ccc(-c2ccccc2)cc1Cl,-6.39
Clc1ccc(-c2ccccc2Cl)cc1,-5.28
Clc1ccc(Br)cc1,-3.63
Clc1ccc(C(c2ccc(Cl)cc2)C(Cl)(Cl)Cl)cc1,-7.93737
Clc1ccc(C(c2ccc(Cl)cc2)C(Cl)(Cl)Cl)cc1,-7.15
Clc1ccc(C(c2ccc(Cl)cc2)C(Cl)Cl)cc1,-7.2
Clc1ccc(C(c2ccc(Cl)cc2)C(Cl)Cl)cc1,-6.551
Clc1ccc(C(c2ccccc2Cl)C(Cl)Cl)cc1,-6.50821
Clc1ccc(Cl)c(-c2c(Cl)c(Cl)c(Cl)c(Cl)c2Cl)c1,-8.94
Clc1ccc(Cl)c(-c2c(Cl)c(Cl)cc(Cl)c2Cl)c1,-7.42
Clc1ccc(Cl)c(-c2cc(Cl)c(Cl)c(Cl)c2Cl)c1,-7.68
Clc1ccc(Cl)c(-c2ccc(Cl)c(Cl)c2)c1,-7.10821
Clc1ccc(Cl)c(-c2cccc(Cl)c2Cl)c1,-6.46821
Clc1ccc(Cl)c(Cl)c1,-3.5825
Clc1ccc(Cl)c(Cl)c1Cl,-4.56714
Clc1ccc(Cl)cc1,-3.26536
Clc1ccc(I)cc1,-4.05421
Clc1ccc2ccccc2c1,-4.14107
Clc1cccc(-c2c(Cl)c(Cl)cc(Cl)c2Cl)c1Cl,-8.6
Clc1cccc(-c2cc(Cl)ccc2Cl)c1,-6.00929
Clc1cccc(-c2cccc(Cl)c2Cl)c1Cl,-7.27714
Clc1cccc(-c2ccccc2)c1,-4.82143
Clc1cccc(Br)c1,-3.21
Clc1cccc(C(Cl)(Cl)Cl)n1,-3.76036
Clc1cccc(Cl)c1,-3.05071
Clc1cccc(Cl)c1-c1c(Cl)cccc1Cl,-7.39
Clc1cccc(Cl)c1-c1ccccc1,-5.12286
Clc1cccc(Cl)c1Cl,-4.00107
Clc1cccc(I)c1,-3.54053
Clc1cccc2ccccc12,-3.94464
Clc1ccccc1,-2.37071
Clc1ccccc1-c1ccccc1,-4.55857
Clc1ccccc1-c1ccccc1Cl,-5.2025
Clc1ccccc1Br,-3.19464
Clc1ccccc1Cl,-3.02286
Clc1ccccc1I,-3.53579
Cn1c(=O)c2[nH]cnc2n(C)c1=O,-1.38947
Cn1c(=O)c2c(ncn2C)n(C)c1=O,-0.938357
Cn1c(=O)c2c(ncn2CC(O)CO)n(C)c1=O,-0.17
Cn1c(=O)on(-c2ccc(Cl)c(Cl)c2)c1=O,-2.82
Cn1cc(-c2ccccc2)c(=O)c(-c2cccc(C(F)(F)F)c2)c1,-4.44089
Cn1ccc(=O)[nH]c1=O,-0.80225
Cn1cnc2c1c(=O)[nH]c(=O)n2C,-2.63563
FC(F)(Cl)C(F)(Cl)Cl,-3.04071
FC(F)(Cl)C(F)(F)Cl,-2.9975
FC(F)(F)C(Cl)Br,-1.70786
FC(F)(F)c1ccccc1,-2.51053
Fc1ccc(F)cc1,-1.97036
Fc1cccc(Br)c1,-2.66789
Fc1cccc(F)c1,-2
Fc1ccccc1,-1.79821
Fc1ccccc1Br,-2.69737
ICI,-2.33684
Ic1cccc2ccccc12,-4.55
Ic1ccccc1,-2.85321
N#CC(Cl)(Cl)Cl,-2.168
N#CC(OC1OC(COC2OC(CO)C(O)C(O)C2O)C(O)C(O)C1O)c1ccccc1,-0.77
N#CCCCl,-0.29
N#CCCl,-0.092
N#CN=C(N)N,-0.31
N#Cc1c(Cl)c(Cl)c(Cl)c(C#N)c1Cl,-5.6425
N#Cc1cc(Br)c(O)c(Br)c1,-3.32929
N#Cc1cc(I)c(O)c(I)c1,-3.61
N#Cc1ccccc1,-1.712
N#Cc1ccccc1,-1
N#Cc1ccccc1C#N,-2.38
N=C(N)NS(=O)(=O)c1ccc(N)cc1,-1.99
NC(=O)CCl,-0.0189286
NC(=O)NC1NC(=O)NC1=O,-1.6
NC(=O)NCc1ccccc1,-0.948571
NC(=O)c1ccccc1,-0.9575
NC(=O)c1ccccc1O,-1.80179
NC(=O)c1cccnc1,0.610714
NC(=O)c1cnccn1,-0.833322
NC(=S)Nc1ccccc1,-1.77714
NC(N)=O,0.959286
NC(N)=S,0.3025
NNC(=O)c1ccncc1,0.00932143
NNc1ccccc1,0.07
NS(=O)(=O)c1cc(C2(O)NC(=O)c3ccccc32)ccc1Cl,-3.451
NS(=O)(=O)c1cc2c(cc1C(F)(F)F)NC(Cc1ccccc1)NS2(=O)=O,-3.59036
NS(=O)(=O)c1cc2c(cc1Cl)N=CNS2(=O)=O,-3.04857
NS(=O)(=O)c1cc2c(cc1Cl)NC(C(Cl)Cl)NS2(=O)=O,-2.67893
NS(=O)(=O)c1cc2c(cc1Cl)NCNS2(=O)=O,-2.62143
Nc1cc(N2CCCCC2)nc(N)[n+]1[O-],-1.98532
Nc1cc2c3ccccc3ccc2c2ccccc12,-6.19857
Nc1cc[nH]c(=O)n1,-1.1475
Nc1ccc(-c2ccc(N)cc2)cc1,-2.72071
Nc1ccc(Cl)cc1,-1.60821
Nc1ccc(O)cc1,-0.812143
Nc1ccc(S(=O)(=O)c2ccc(N)cc2)cc1,-2.90629
Nc1ccc(S(N)(=O)=O)cc1,-1.35393
Nc1ccc([N+](=O)[O-])cc1,-2.33714
Nc1ccc2cc3ccccc3cc2c1,-5.17071
Nc1cccc(Cl)c1,-1.37107
Nc1cccc([N+](=O)[O-])c1,-2.14393
Nc1cccc2ccccc12,-1.92179
Nc1cccc2nc3ccccc3cc12,-4.22
Nc1ccccc1,-0.411071
Nc1ccccc1Cl,-1.40357
Nc1ccccc1O,-0.726071
Nc1ccccc1[N+](=O)[O-],-1.96464
Nc1cnn(-c2ccccc2)c(=O)c1Br,-3.1235
Nc1cnn(-c2ccccc2)c(=O)c1Cl,-2.82757
Nc1nc(=O)[nH]cc1F,-0.952526
Nc1nc(N)c2nc(-c3ccccc3)c(N)nc2n1,-2.404
Nc1nc(O)nc2nc[nH]c12,-3.401
Nc1nc2[nH]cnc2c(=O)[nH]1,-3.583
Nc1nc[nH]n1,0.522
Nc1nccs1,-0.36
Nc1ncnc2c1ccn2C1OC(CO)C(O)C1O,-1.95
Nc1ncnc2nc[nH]c12,-2.12
O=C(C=CC=Cc1ccc2c(c1)OCO2)N1CCCCC1,-3.60036
O=C(CC(Cl)Cl)NC1=C(Cl)C(=O)c2ccccc2C1=O,-5.03
O=C(Cn1ccnc1[N+](=O)[O-])NCc1ccccc1,-2.81107
O=C(NC(=O)c1c(F)cccc1F)Nc1cc(Cl)c(F)c(Cl)c1F,-7.28
O=C(NC(=O)c1c(F)cccc1F)Nc1ccc(Cl)cc1,-6.01821
O=C(NC(CO)C(O)c1ccc([N+](=O)[O-])cc1)C(Cl)Cl,-2.11068
O=C(Nc1ccc([N+](=O)[O-])cc1Cl)c1cc(Cl)ccc1O,-4.70071
O=C(Nc1cccc(Cl)c1)OCC#CCCl,-4.37
O=C(Nc1ccccc1)N(Cc1ccc(Cl)cc1)C1CCCC1,-5.915
O=C(Nc1ccccc1)Nc1ccccc1,-3.15
O=C(Nc1ccccc1)c1ccccc1I,-4.20929
O=C(Nc1ccccc1)c1ccccc1O,-3.58964
O=C(OCC(O)CO)c1ccccc1Nc1ccnc2cc(Cl)ccc12,-4.571
O=C(c1ccccc1)C(O)c1ccccc1,-2.85
O=C(c1ccccc1)c1ccccc1,-3.12143
O=C1C(Cl)C(CCl)CN1c1cccc(C(F)(F)F)c1,-4.047
O=C1C(O)=C(C2CCC(c3ccc(Cl)cc3)CC2)C(=O)c2ccccc21,-5.931
O=C1C2(Cl)C3(Cl)C4(Cl)C(Cl)(Cl)C5(Cl)C3(Cl)C1(Cl)C5(Cl)C24Cl,-5.259
O=C1C2CC=CCC2C(=O)N1SC(Cl)(Cl)C(Cl)Cl,-5.4
O=C1C=C2CC3(O)COc4c(ccc(O)c4O)C3=C2C=C1O,-2.7
O=C1CC(c2ccc(O)c(O)c2)Oc2cc(O)cc(O)c21,-3.62
O=C1CCC(=O)N1,0.298571
O=C1CCC(N2C(=O)c3ccccc3C2=O)C(=O)N1,-2.676
O=C1CCCCC1,-0.597857
O=C1CCCN1,1.07
O=C1CN(N=Cc2ccc([N+](=O)[O-])o2)C(=O)N1,-3.38
O=C1CN=C(c2ccccc2)c2cc([N+](=O)[O-])ccc2N1,-3.798
O=C1CN=C(c2ccccc2Cl)c2cc([N+](=O)[O-])ccc2N1,-3.499
O=C1CNC(=O)N1,-0.400714
O=C1CSC(=S)N1,-1.77
O=C1NC(=O)C(=O)C(=O)N1,-1.25
O=C1NC(=O)C(=O)N1,-0.4
O=C1NC(=O)C(O)(C2(O)C(=O)NC(=O)NC2=O)C(=O)N1,-1.99
O=C1NC(=O)C(c2ccccc2)(c2ccccc2)N1,-3.99118
O=C1NC(=O)C2(CC2)C(=O)N1,-1.886
O=C1NC(=O)C2(CCC2)C(=O)N1,-1.655
O=C1NC(=O)C2(CCCC2)C(=O)N1,-2.349
O=C1NC(=O)C2(CCCCC2)C(=O)N1,-3.06
O=C1NC(=O)C2(CCCCCC2)C(=O)N1,-3.168
O=C1NC(=O)C2(CCCCCCC2)C(=O)N1,-2.982
O=C1NC(=O)C2C3C(C(O)(c4ccccc4)c4ccccn4)=CC(C3=C(c3ccccc3)c3ccccn3)C12,-3.931
O=C1NC(=O)C2C=CC=CC12,-2.932
O=C1NC(=O)c2ccccc21,-2.61036
O=C1NCCN1c1ncc([N+](=O)[O-])s1,-3.21893
O=C1Nc2ccc(Cl)cc2C(c2ccccc2)=NC1O,-3.952
O=C1Nc2ccc(Cl)cc2C(c2ccccc2Cl)=NC1O,-3.60271
O=C1OC(c2ccc(O)cc2)(c2ccc(O)cc2)c2ccccc21,-2.90036
O=C1c2ccccc2C(=O)c2ccccc21,-5.18929
O=C1c2ccccc2Cc2ccccc2N1CCF,-4.799
O=CNC(N1C=CN(C(NC=O)C(Cl)(Cl)Cl)C=C1)C(Cl)(Cl)Cl,-4.19
O=Cc1ccc(O)cc1,-0.965714
O=Cc1ccc2c(c1)OCO2,-1.63071
O=Cc1ccccc1,-1.19643
O=Cc1ccco1,-0.0985714
O=[N+]([O-])C(Cl)(Cl)Cl,-2.00316
O=[N+]([O-])OCC(CO[N+](=O)[O-])O[N+](=O)[O-],-2.21857
O=[N+]([O-])c1c(Cl)c(Cl)c(Cl)c(Cl)c1Cl,-5.81893
O=[N+]([O-])c1cc([N+](=O)[O-])cc([N+](=O)[O-])c1,-2.88737
O=[N+]([O-])c1ccc(C=NO)o1,-2.19
O=[N+]([O-])c1ccc(Cl)c(Cl)c1,-3.20053
O=[N+]([O-])c1ccc(Cl)cc1,-2.88053
O=[N+]([O-])c1ccc(O)cc1,-0.861071
O=[N+]([O-])c1ccc(Oc2ccc(Cl)cc2Cl)cc1,-5.4575
O=[N+]([O-])c1ccc([N+](=O)[O-])cc1,-3.38842
O=[N+]([O-])c1cccc(Cl)c1,-2.76526
O=[N+]([O-])c1cccc(Cl)c1Cl,-3.48
O=[N+]([O-])c1cccc(O)c1,-1.01107
O=[N+]([O-])c1cccc([N+](=O)[O-])c1,-2.4
O=[N+]([O-])c1cccc2ccccc12,-4.276
O=[N+]([O-])c1cccc2ccccc12,-3.54
O=[N+]([O-])c1ccccc1,-1.78929
O=[N+]([O-])c1ccccc1Cl,-2.73211
O=[N+]([O-])c1ccccc1O,-1.74179
O=[N+]([O-])c1ccccc1[N+](=O)[O-],-3.10105
O=c1[nH]c(=O)c2[nH]c(=O)[nH]c2[nH]1,-3.93
O=c1[nH]c2c(c(=O)n1C1CCCCC1)CCC2,-4.594
O=c1[nH]c2cc(Cl)ccc2o1,-2.831
O=c1[nH]cc(F)c(=O)[nH]1,-1.07189
O=c1[nH]cnc2[nH]ncc12,-2.266
O=c1[nH]cnc2nc[nH]c12,-2.29157
O=c1c(O)c(-c2ccc(O)cc2O)oc2cc(O)cc(O)c12,-3.08168
O=c1cc[nH]c(=O)[nH]1,-1.48721
O=c1ccnc(S)[nH]1,-2.273
O=c1oc2ccccc2c(O)c1C(CC(O)c1ccc(-c2ccc(Br)cc2)cc1)c1ccccc1,-4.445
O=c1oc2ccccc2c(O)c1C1CCCc2ccccc21,-4.864
O=c1oc2ccccc2c(O)c1C1CCCc2ccccc21,-2.84
OC(Cn1cncn1)(Cn1cncn1)c1ccc(F)cc1F,-1.8
OC(Cn1cncn1)(c1ccc(F)cc1)c1ccccc1F,-3.36821
OC(c1ccc(Cl)cc1)(c1ccc(Cl)cc1)C(Cl)(Cl)Cl,-5.55126
OC(c1ccc(Cl)cc1)(c1cncnc1)c1ccccc1Cl,-4.38107
OC(c1ccccc1)C(O)c1ccccc1,-1.93
OC(c1ccccc1)c1ccccc1,-2.54964
OC1C(O)C(O)C(O)C(O)C1O,0.189286
OC1C=CC2C1C1(Cl)C(Cl)=C(Cl)C2(Cl)C1(Cl)Cl,-5.46
OC1CCCCC1,-0.4175
OC1CCCCCC1,-0.88
OC1CCCCCCC1,-1.29
OC1COC(O)C(O)C1O,0.39
OCC(O)C(O)C(O)C(O)CO,0.06
OCC(O)C(O)C(O)C(O)CO,1.09
OCC(O)C(O)CO,0.699643
OCC(O)C1OC2OC(C(Cl)(Cl)Cl)OC2C1O,-1.84107
OCC(O)CO,1.09
OCC1OC(O)(CO)C(O)C1O,0.64
OCC1OC(O)C(O)C(O)C1O,0.74
OCC1OC(OC2(CO)OC(CO)C(O)C2O)C(O)C(O)C1O,0.788947
OCC1OC(OC2C(CO)OC(O)C(O)C2O)C(O)C(O)C1O,-0.244
OCC1OC(OCC2OC(OC3(CO)OC(CO)C(O)C3O)C(O)C(O)C2O)C(O)C(O)C1O,-0.41
OCC1OC(n2cnc3c(O)ncnc32)C(O)C1O,-1.23
OCCOc1ccccc1,-0.708214
OCc1ccccc1,-0.411429
OCc1ccccc1OC1OC(CO)C(O)C(O)C1O,-0.85
Oc1c(Cl)c(Cl)c(Cl)c(Cl)c1Cl,-4.27964
Oc1c(Cl)c(Cl)cc(Cl)c1Cl,-3.37
Oc1c(Cl)cc(Cl)c(Cl)c1Cl,-4.004
Oc1c(Cl)cc(Cl)c(Cl)c1Cl,-3.1
Oc1c(Cl)cc(Cl)cc1Cl,-2.35857
Oc1c(Cl)ccc(Cl)c1Cl,-2.64105
Oc1c(Cl)cccc1Cl,-1.86526
Oc1c2ccccc2cc2ccccc12,-4.73107
Oc1cc(Cl)c(Cl)c(Cl)c1Cl,-3.15
Oc1cc(Cl)c(Cl)cc1Cl,-2.21214
Oc1cc(Cl)cc(Cl)c1,-1.45526
Oc1cc(Cl)cc(Cl)c1Cl,-2.67
Oc1cc(Cl)ccc1Oc1ccc(Cl)cc1Cl,-4.46071
Oc1ccc(-c2ccccc2)cc1,-3.48036
Oc1ccc(Br)cc1,-1.09071
Oc1ccc(Cl)c(Cl)c1,-1.25
Oc1ccc(Cl)c(Cl)c1Cl,-2.67
Oc1ccc(Cl)cc1,-0.710357
Oc1ccc(Cl)cc1Cc1cc(Cl)ccc1O,-3.95204
Oc1ccc(Cl)cc1Cl,-1.55321
Oc1ccc(O)cc1,-0.175
Oc1ccc2c(c1)CCCC2,-1.99179
Oc1ccc2ccccc2c1,-2.28036
Oc1ccc2ncccc2c1,-2.16071
Oc1cccc(Cl)c1,-0.697857
Oc1cccc(Cl)c1Cl,-1.48737
Oc1cccc(O)c1,0.811429
Oc1cccc2ccccc12,-2.22036
Oc1cccc2cccnc12,-2.41893
Oc1cccc2ncccc12,-2.54
Oc1ccccc1,-0.02
Oc1ccccc1Cl,-1.05857
Oc1ccccc1O,0.620714
Oc1ccccn1,1.02
Oc1ccncc1,1.02
Oc1ncc2nccnc2n1,-1.947
Sc1ccccc1,-2.12
Sc1nc2ccccc2s1,-3.18071
c1cc2c3c(c4ccc5ccccc5c4cc3c1)CC2,-7.85579
c1cc2c3c(cccc3c1)CC2,-4.61821
c1cc2ccc3ccc4ccc5ccc6ccc1c1c2c3c4c5c61,-9.332
c1cc2ccc3ccc4ccc5cccc6c(c1)c2c3c4c56,-9.02471
c1cc2ccc3cccc4ccc(c1)c2c34,-6.1805
c1cc2cccc3c4cccc5cccc(c(c1)c23)c54,-8.80129
c1ccc(-c2ccc(-c3ccccc3)cc2)cc1,-7.10893
c1ccc(-c2ccccc2)cc1,-4.33446
c1ccc(C2CO2)cc1,-1.60107
c1ccc(CCc2ccccc2)cc1,-4.6225
c1ccc(Cc2ccccc2)cc1,-4.10786
c1ccc(N=Nc2ccccc2)cc1,-4.45143
c1ccc(NNc2ccccc2)cc1,-2.92
c1ccc(Nc2ccccc2)cc1,-3.50593
c1ccc(Oc2ccccc2)cc1,-3.96571
c1ccc2[nH]ccc2c1,-1.51893
c1ccc2[nH]ncc2c1,-2.15821
c1ccc2[nH]nnc2c1,-0.779643
c1ccc2c(c1)-c1cccc3c1c-2cc1ccccc13,-8.22857
c1ccc2c(c1)-c1cccc3cccc-2c13,-5.96107
c1ccc2c(c1)CCC2,-3.03821
c1ccc2c(c1)CCCC2,-4.37
c1ccc2c(c1)CCCC2,-3.452
c1ccc2c(c1)CCN2,-1.04
c1ccc2c(c1)Cc1c-2ccc2ccccc12,-6.67929
c1ccc2c(c1)Cc1cc3ccccc3cc1-2,-8.03786
c1ccc2c(c1)Cc1ccccc1-2,-4.95107
c1ccc2c(c1)[nH]c1ccccc12,-5.06571
c1ccc2c(c1)c1cccc3ccc4cccc2c4c31,-7.81571
c1ccc2c(c1)c1ccccc1c1ccccc21,-6.73729
c1ccc2c(c1)cc1ccc3cccc4ccc2c1c34,-8.699
c1ccc2c(c1)cc1ccc3cccc4ccc2c1c34,-8.19105
c1ccc2c(c1)ccc1c2ccc2c3ccccc3ccc21,-7.87
c1ccc2c(c1)ccc1c3ccccc3ccc21,-8.05796
c1ccc2c(c1)ccc1ccccc12,-5.235
c1ccc2c(c1)cnc1ccccc12,-2.77857
c1ccc2c(c1)oc1ccccc12,-4.64786
c1ccc2c(c1)sc1ccccc12,-5.098
c1ccc2c(c1)sc1ccccc12,-4.38
c1ccc2c3c(ccc2c1)-c1cccc2cccc-3c12,-8.00143
c1ccc2cc3c(cc2c1)-c1cccc2cccc-3c12,-8.49321
c1ccc2cc3cc4ccccc4cc3cc2c1,-8.45
c1ccc2cc3ccccc3cc2c1,-6.44429
c1ccc2ccccc2c1,-3.60571
c1ccc2cnccc2c1,-1.45214
c1ccc2nc(-c3ccc4ccccc4n3)ccc2c1,-5.4
c1ccc2nc3ccccc3cc2c1,-3.66964
c1ccc2ncccc2c1,-1.30893
c1ccc2ocnc2c1,-1.15821
c1ccc2scnc2c1,-1.49893
c1ccccc1,-1.64
c1ccncc1,0.882143
c1ccnnc1,1.09857
c1ccoc1,-0.824643
c1ccsc1,-1.41
c1cnc2c(c1)ccc1ncccc12,-2.68
c1cnc2ncncc2n1,0.025
c1cncnc1,1.09857