smiles,log S
BrC(Br)(Br)Br,-3.14
BrC(Br)Br,-1.808
BrC(Br)C(Br)Br,-2.732
BrC1CCCCC1,-2.294
BrCBr,-1.165
BrCCBr,-1.656
BrCCCBr,-2.075
Brc1cc(Br)c(Br)cc1Br,-6.993
Brc1cc(Br)cc(Br)c1,-5.6
Brc1ccc(-c2ccccc2)cc1,-5.553
Brc1ccc(Br)c(Br)c1,-4.498
Brc1ccc(Br)cc1,-4.072
Brc1ccc(I)cc1,-4.452
Brc1cccc(Br)c1,-3.543
Brc1cccc2ccccc12,-4.347
Brc1ccccc1,-2.547
Brc1ccccc1Br,-3.5
Brc1ccccn1,-0.881
C#CC(C)(C)NC(=O)c1cc(Cl)cc(Cl)c1,-4.232
C#CC(C)(C)O,1.075
C#CC(C)(O)CC,0.115
C#CC(C)N(C)C(=O)Nc1ccc(Cl)cc1,-3.897
C#CC(C)OC(=O)Nc1cccc(Cl)c1,-2.617
C#CC1(O)CCC2C3CCC4=CC(=O)CCC4(C)C3CCC21C,-5.658
C#CC1(O)CCC2C3CCC4=CC(=O)CCC4C3CCC21C,-4.627
C#CC1(O)CCC2C3CCc4cc(O)ccc4C3CCC21C,-4.419
C#CC1(OC(C)=O)CCC2C3CCC4=CC(=O)CCC4C3CCC21C,-4.784
C#CC1(OC(N)=O)CCCCC1,-1.825
C#CC=C,-1.464
C#CCC,-1.275
C#CCCC,-1.637
C#CCCCC,-2.277
C#CCCCC#C,-1.747
C#CCCCCC,-3.01
C#CCCCCCC,-3.662
C#CCCCCCC#C,-2.983
C#CCCCCCCC,-4.094
C#CCO,1.251
C#CCOS(=O)OC1CCCCC1Oc1ccc(C(C)(C)C)cc1,-5.846
C#Cc1ccccc1,-2.35
C(=Cc1ccccc1)c1ccccc1,-5.793
C1=CC=CCC=C1,-2.172
C1=CCC=CC1,-2.059
C1=CCCC1,-2.105
C1=CCCCC1,-2.586
C1=CCCCCC1,-3.163
C1=Cc2cccc3cccc1c23,-3.976
C1CCC2CCCCC2C1,-5.192
C1CCCC1,-2.653
C1CCCCC1,-3.185
C1CCCCCC1,-3.515
C1CCCCCCC1,-4.152
C1CCN2CC3CC(CN4CCCCC34)C2C1,-1.887
C1CCNC1,1.148
C1CCNCC1,1.07
C1CCOC1,1.142
C1CCOCC1,-0.031
C1CN2CCN1CC2,0.603
C1CNCCN1,1.065
C1CO1,1.356
C1COCCN1,1.06
C1COCCO1,1.055
C1COCO1,1.13
C1OC1C1CO1,1.065
C1OCOCO1,0.288
C=C(C(=O)O)c1ccccc1,-2.057
C=C(C)C,-2.329
C=C(C)C#N,-0.422
C=C(C)C(=C)C,-2.4
C=C(C)C(=O)O,0.014
C=C(C)C(=O)OC,-0.824
C=C(C)C(=O)OC(C)(C)C,-2.153
C=C(C)C(=O)OCC,-1.325
C=C(C)C(=O)OCC(C)C,-2.039
C=C(C)C(=O)OCCCC,-2.25
C=C(C)C(=O)OCCO,-0.114
C=C(C)C(=O)OCCOCCOCCOC(=O)C(=C)C,-1.901
C=C(C)C1CC=C(C)C(=O)C1,-2.063
C=C(C)C1CC=C(C)CC1,-4.094
C=C(C)C=O,-0.039
C=C(C)CC,-2.732
C=C(C)CCC,-3.033
C=C(C)CN(CC)c1c([N+](=O)[O-])cc(C(F)(F)F)cc1[N+](=O)[O-],-6.222
C=C(C)c1ccccc1,-3.008
C=C(CC(=O)O)C(=O)O,-0.229
C=C(CC(Cl)(Cl)Cl)c1ccccc1,-4.282
C=C(Cl)CCl,-1.713
C=C(Cl)CSC(=S)N(CC)CC,-3.35
C=C(Cl)Cl,-1.634
C=C(F)F,-0.706
C=C(c1ccccc1)c1ccccc1,-4.436
C=C1C=CC(=O)O1,-0.983
C=C1CC23CC1(O)CCC2C12C=CC(O)C(C)(C(=O)O1)C2C3C(=O)O,-1.841
C=C1CCOC1=O,0.184
C=CBr,-1.275
C=CC#N,0.147
C=CC(=C)C,-2.034
C=CC(=O)OC,-0.241
C=CC(=O)OCC,-0.824
C=CC(=O)OCC(C)C,-1.853
C=CC(=O)OCC(C)O,0.886
C=CC(=O)OCCCC,-1.807
C=CC(=O)OCCO,0.935
C=CC(=O)Oc1c(Br)cc(Cl)c2cccnc12,-4.717
C=CC(C)(O)CCC=C(C)C,-1.987
C=CC(C)C,-2.732
C=CC(N)=O,0.954
C=CC(O)CC,0.02
C=CC(O)CCC,-0.599
C=CC1CC=CCC1,-3.335
C=CC=C,-1.867
C=CC=O,0.578
C=CCBr,-1.5
C=CCC,-2.405
C=CCC(C)C,-3.244
C=CCC1(C(C)C)C(=O)NC(=O)NC1=O,-1.712
C=CCC1(C(C)CCC)C(=O)NC(=S)NC1=O,-3.458
C=CCC1(CC=C)C(=O)NC(=O)NC1=O,-2.061
C=CCC1(c2ccccc2)C(=O)NC(=O)NC1=O,-2.152
C=CCC=C,-2.087
C=CCCBr,-2.247
C=CCCC,-2.676
C=CCCC=C,-2.687
C=CCCCC,-3.226
C=CCCCC=C,-3.34
C=CCCCCC,-3.732
C=CCCCCCC,-4.437
C=CCCCCCCC,-5.052
C=CCCCCCCCCC(=O)O,-3.398
C=CCCCO,-0.179
C=CCCl,-1.884
C=CCN,1.243
C=CCN(CC=C)C(=O)C(Cl)Cl,-1.619
C=CCN(CC=C)C(=O)CCl,-0.945
C=CCN(CCC#N)c1cc(NC(C)=O)c(N=Nc2c(Br)cc([N+](=O)[O-])cc2[N+](=O)[O-])cc1OC,-8.9
C=CCN=C=S,-1.695
C=CCNC(N)=S,-0.294
C=CCNCC=C,-0.053
C=CCO,1.236
C=CCOC(=O)c1ccccc1C(=O)OCC=C,-3.131
C=CCOCC1CO1,0.092
C=CCOCC=C,-0.02
C=CCc1ccc(O)c(OC)c1,-1.562
C=CCc1ccc(OC)cc1,-2.92
C=CCl,-1.36
C=CF,-0.276
C=COC(C)=O,-0.634
C=COC=C,-1.261
C=COCC,-0.858
C=COCC(F)(F)F,-1.478
C=COCCCC,-1.524
C=Cc1ccc(C)cc1,-3.123
C=Cc1cccc(C)c1,-3.123
C=Cc1ccccc1,-2.526
CC#CCCCC,-2.771
CC#N,1.387
CC(=O)C(C)(C)C,-0.722
CC(=O)C(C)=O,0.366
CC(=O)C(C)C,-0.151
CC(=O)C1(O)CCC2C3CC(C)C4=CC(=O)C=CC4(C)C3(F)C(O)CC21C,-4.099
CC(=O)C1(O)CCC2C3CCC4=CC(=O)CCC4(C)C3CCC21C,-4.708
CC(=O)C1C(=O)C=C(C)OC1=O,-1.226
CC(=O)C1CCC2C3CC=C4CC(O)CCC4(C)C3CCC12C,-4.652
CC(=O)C1CCC2C3CCC4=CC(=O)CCC4(C)C3CCC12C,-4.553
CC(=O)C1CCOC1=O,0.193
CC(=O)C=C(C)C,-0.531
CC(=O)CC(C)=O,0.22
CC(=O)CC(C)C,-0.722
CC(=O)CC(c1ccccc1)c1c(O)c2ccccc2oc1=O,-4.259
CC(=O)CCC(C)C,-1.325
CC(=O)N(C)C,1.06
CC(=O)N(C)c1ccccc1,-0.951
CC(=O)NCC(=O)O,-0.649
CC(=O)NCc1c(I)c(NC(C)=O)c(I)c(C(=O)O)c1I,-2.321
CC(=O)NS(=O)(=O)c1ccc(N)cc1,-1.234
CC(=O)Nc1cc(NS(=O)(=O)C(F)(F)F)c(C)cc1C,-3.237
CC(=O)Nc1ccc(N=Nc2cc(C)ccc2O)cc1,-5.358
CC(=O)Nc1ccc(O)cc1,-1.033
CC(=O)Nc1ccc(OC(=O)c2ccccc2OC(C)=O)cc1,-4.195
CC(=O)Nc1ccc(OC(C)=O)cc1,-1.908
CC(=O)Nc1ccc(S(N)(=O)=O)cc1,-1.607
CC(=O)Nc1ccc2c(c1)Cc1ccccc1-2,-4.625
CC(=O)Nc1cccc(C)c1,-2.091
CC(=O)Nc1ccccc1,-1.29
CC(=O)Nc1ccccc1Cl,-1.4
CC(=O)Nc1ccccc1O,-2.235
CC(=O)Nc1ccccc1[N+](=O)[O-],-1.909
CC(=O)Nc1nnc(S(N)(=O)=O)s1,-2.356
CC(=O)O,1.221
CC(=O)OC(C)(C)C,-1.144
CC(=O)OC(C)=O,0.07
CC(=O)OC(C)C,-0.519
CC(=O)OC(C)CC(C)C,-2.045
CC(=O)OC1(C(C)=O)CCC2C3C=C(C)C4=CC(=O)CCC4(C)C3CCC21C,-5.284
CC(=O)OC1(C(C)=O)CCC2C3C=C(Cl)C4=CC(=O)C=CC4(C)C3CCC21C,-4.945
CC(=O)OCC(=O)C1(O)C(C)CC2C3CCC4=CC(=O)C=CC4(C)C3(F)C(O)CC21C,-4.9
CC(=O)OCC(=O)C1(O)C(OC(C)=O)CC2C3CCC4=CC(=O)C=CC4(C)C3(F)C(O)CC21C,-4.13
CC(=O)OCC(=O)C1(O)CCC2C3CCC4=CC(=O)C=CC4(C)C3C(O)CC21C,-4.369
CC(=O)OCC(=O)C1(O)CCC2C3CCC4=CC(=O)CCC4(C)C3C(=O)CC21C,-4.304
CC(=O)OCC(=O)C1(O)CCC2C3CCC4=CC(=O)CCC4(C)C3C(O)CC21C,-4.458
CC(=O)OCC(=O)C1CCC2C3CCC4=CC(=O)CCC4(C)C3CCC12C,-4.63
CC(=O)OCC(C)C,-1.266
CC(=O)OCC(COC(C)=O)OC(C)=O,-0.575
CC(=O)OCCBr,-0.674
CC(=O)OCCC(C)C,-1.814
CC(=O)OCCOC(C)=O,0.086
CC(=O)OCc1ccccc1,-1.685
CC(=O)Oc1c(C(C)(C)C)cc([N+](=O)[O-])c(C)c1[N+](=O)[O-],-4.472
CC(=O)Oc1ccc(Br)cc1C(=O)O,-2.589
CC(=O)Oc1ccc2c3c1OC1C(OC(C)=O)C=CC4C(C2)N(C)CCC341,-2.797
CC(=O)Oc1ccccc1C(=O)O,-1.593
CC(=O)Oc1ccccc1C(=O)OCS(C)(=O)=O,-3.394
CC(=O)SC1CC2=CC(=O)CCC2(C)C2CCC3(C)C(CCC34CCC(=O)O4)C12,-4.277
CC(=O)c1c(O)c(C)c(O)c2c1OC1=CC(=O)C(C(C)=O)C(=O)C12C,-3.537
CC(=O)c1ccc(N)cc1,-1.606
CC(=O)c1ccc(O)c(O)c1O,-2.022
CC(=O)c1ccc(O)cc1,-1.138
CC(=O)c1ccccc1,-1.292
CC(Br)CBr,-2.141
CC(C(=O)O)C(=O)O,0.76
CC(C(=O)O)c1ccc(-c2ccccc2)c(F)c1,-4.485
CC(C(=O)O)c1cccc(C(=O)c2ccccc2)c1,-3.698
CC(C)(C(=O)O)C(=O)O,-0.167
CC(C)(C)Br,-2.359
CC(C)(C)C,-3.337
CC(C)(C)C(=O)C(Oc1ccc(Cl)cc1)n1cncn1,-3.614
CC(C)(C)C(=O)C1C(=O)c2ccccc2C1=O,-4.107
CC(C)(C)C(=O)O,-0.673
CC(C)(C)C(=O)OCC(=O)C1(O)CCC2C3CCC4=CC(=O)C=CC4(C)C3C(O)CC21C,-4.583
CC(C)(C)C(C)(C)O,-0.723
CC(C)(C)C(O)C(Cc1ccc(Cl)cc1)n1cncn1,-3.924
CC(C)(C)C(O)C(Cc1ccc(Cl)cc1Cl)n1cncn1,-4.562
CC(C)(C)C(O)C(Oc1ccc(-c2ccccc2)cc1)n1cncn1,-4.829
CC(C)(C)C(O)C(Oc1ccc(Cl)cc1)n1cncn1,-3.392
CC(C)(C)CC(=O)OCC(=O)C1(O)CCC2C3CCC4=CC(=O)CCC4(C)C3C(O)CC21C,-5.511
CC(C)(C)CCCO,-1.551
CC(C)(C)CCO,-0.5
CC(C)(C)CO,-0.401
CC(C)(C)Cl,-1.507
CC(C)(C)N,1.136
CC(C)(C)NCC(O)c1ccc(O)c(CO)c1,-1.224
CC(C)(C)O,1.13
CC(C)(C)OOC(C)(C)C,-3.165
CC(C)(C)c1ccc(C(=O)O)cc1,-3.804
CC(C)(C)c1ccc(O)c(O)c1,-1.92
CC(C)(C)c1ccc(O)cc1,-2.413
CC(C)(C)c1ccccc1,-3.658
CC(C)(C)c1nnc(NS(=O)(=O)c2ccc(N)cc2)s1,-3.74
CC(C)(O)C(Cl)(Cl)Cl,-1.346
CC(C)(O)CCS(=O)(=O)c1ccc(S(N)(=O)=O)cc1,-1.944
CC(C)(O)CCSc1ccc(S(N)(=O)=O)cc1,-2.838
CC(C)(S)C(N)C(=O)O,-0.128
CC(C)(c1ccc(O)cc1)c1ccc(O)cc1,-3.279
CC(C)=CC1C(C(=O)OCN2C(=O)C3=C(CCCC3)C2=O)C1(C)C,-4.858
CC(C)=CCCC(C)=CC=O,-2.055
CC(C)=O,1.236
CC(C)Br,-1.631
CC(C)C,-3.076
CC(C)C(=O)C(C)C,-1.302
CC(C)C(=O)O,0.278
CC(C)C(C(=O)OC(C#N)c1cccc(Oc2ccccc2)c1)c1ccc(Cl)cc1,-7.243
CC(C)C(C(=O)OC(C#N)c1cccc(Oc2ccccc2)c1)c1ccc(OC(F)F)cc1,-6.876
CC(C)C(C)(C)O,-0.411
CC(C)C(C)C,-3.583
CC(C)C(C)C(C)C,-4.696
CC(C)C(C)O,-0.197
CC(C)C(Nc1ccc(C(F)(F)F)cc1Cl)C(=O)OC(C#N)c1cccc(Oc2ccccc2)c1,-8.4
CC(C)C(O)C(C)C,-1.22
CC(C)C=O,0.091
CC(C)CBr,-2.432
CC(C)CC(=O)CC(C)C,-1.731
CC(C)CC(=O)O,-0.4
CC(C)CC(C)(C)C,-4.746
CC(C)CC(C)(C)O,-0.961
CC(C)CC(C)C,-4.261
CC(C)CC(C)O,-0.795
CC(C)CC(N)C(=O)O,-0.785
CC(C)CC(O)CC(C)C,-2.159
CC(C)CCBr,-2.887
CC(C)CCC(C)(C)C,-5.047
CC(C)CCC(C)O,-1.38
CC(C)CCCCCCO,-2.487
CC(C)CCCO,-1.14
CC(C)CCO,-0.519
CC(C)CCOC(=O)c1ccccc1O,-3.157
CC(C)CCOC=O,-1.547
CC(C)CCOCCC(C)C,-2.898
CC(C)CN,1.136
CC(C)CO,0.059
CC(C)COC(=O)C(C)C,-2.403
CC(C)COC(=O)c1ccc(N)cc1,-2.944
CC(C)COC(=O)c1ccccc1C(=O)OCC(C)C,-4.652
CC(C)COC=O,-1.001
CC(C)Cl,-1.404
CC(C)I,-2.084
CC(C)N,1.228
CC(C)N(C(=O)CCl)c1ccccc1,-2.481
CC(C)N(N=O)C(C)C,-1.001
CC(C)N1C(=O)c2ccccc2NS1(=O)=O,-2.682
CC(C)NC(C)C,0.036
CC(C)Nc1nc(Cl)nc(NC(C)C)n1,-4.427
CC(C)Nc1nc(N)nc(Cl)n1,-2.706
CC(C)O,1.221
CC(C)OC(=O)C(C(=O)OC(C)C)=C1SCCS1,-3.782
CC(C)OC(=O)C(C)N(C(=O)c1ccccc1)c1ccc(F)c(Cl)c1,-4.4335
CC(C)OC(=O)C(O)(c1ccc(Br)cc1)c1ccc(Br)cc1,-4.933
CC(C)OC(=O)C(O)(c1ccc(Cl)cc1)c1ccc(Cl)cc1,-4.53
CC(C)OC(=O)Nc1cccc(Cl)c1,-3.38
CC(C)OC(=O)Nc1ccccc1,-3.001
CC(C)OC(=O)c1ccccc1C(=O)OC(C)C,-2.877
CC(C)OC(C)(C)C,-2.366
CC(C)OC(C)C,-1.708
CC(C)OC=O,-0.629
CC(C)OCCO,0.982
CC(C)OP(=O)(OC(C)C)SCc1ccccc1,-2.858
CC(C)OP(C)(=O)OC(C)C,-0.052
CC(C)Oc1cc(-n2nc(C(C)(C)C)oc2=O)c(Cl)cc1Cl,-5.693
CC(C)Oc1cccc(NC(=O)c2ccccc2C(F)(F)F)c1,-4.532
CC(C)[N+](=O)[O-],-0.615
CC(C)c1ccc(C(=O)O)cc1,-3.036
CC(C)c1ccc(NC(=O)N(C)C)cc1,-3.536
CC(C)c1ccc2ccccc2c1,-5.298
CC(C)c1ccccc1,-3.292
CC(CC(=O)O)C(=O)O,0.703
CC(CCC(=O)O)C1CCC2C3C(O)CC4CC(O)CCC4(C)C3CC(O)C12C,-3.368
CC(CCC(=O)O)C1CCC2C3C(O)CC4CC(O)CCC4(C)C3CCC12C,-3.9665
CC(CCC(=O)O)C1CCC2C3CCC4CC(O)CCC4(C)C3CC(O)C12C,-3.954
CC(CCC(=O)O)C1CCC2C3CCC4CC(O)CCC4(C)C3CCC12C,-6
CC(CCl)OC(C)CCl,-2.003
CC(CN1c2ccccc2Sc2ccccc21)N(C)C,-4.26
CC(Cc1ccc(C(C)(C)C)cc1)CN1CC(C)OC(C)C1,-3.637
CC(Cl)(Cl)C(=O)O,0.545
CC(Cl)(Cl)Cl,-1.952
CC(Cl)=CC(=O)O,-0.605
CC(Cl)C(C)Cl,-2.354
CC(Cl)CCl,-1.606
CC(Cl)Cl,-1.291
CC(F)F,-1.315
CC(N)=O,1.581
CC(N)=S,0.336
CC(N)C(=O)O,0.27
CC(N)CC(=O)O,0.987
CC(N)c1ccccc1,-0.46
CC(O)C(=O)O,1.045
CC(O)C(C)(C)C,-0.624
CC(O)C(C)O,1.045
CC(O)C(Cl)(Cl)Cl,-0.757
CC(O)C(N)C(=O)O,-0.089
CC(O)CNCC(C)O,0.815
CC(O)CO,1.119
CC(OP(C)(=O)F)C(C)(C)C,-0.938
CC(Oc1cc(Cl)c(Cl)cc1Cl)C(=O)O,-3.579
CC(Oc1ccc(Cl)cc1Cl)C(=O)O,-2.827
CC1(C)C(C(=O)OC(C#N)c2cccc(Oc3ccccc3)c2)C1(C)C,-6.025
CC1(C)C(C=C(Br)Br)C1C(=O)OC(C#N)c1cccc(Oc2ccccc2)c1,-8.402
CC1(C)C(C=C(Cl)Cl)C1C(=O)OC(C#N)c1cccc(Oc2ccccc2)c1,-8.017
CC1(C)C(C=C(Cl)Cl)C1C(=O)OCc1cccc(Oc2ccccc2)c1,-6.99
CC1(C)C2CCC1(C)C(O)C2,-2.319
CC1(C)Cc2cccc([N+](=O)[O-])c2O1,-3.207
CC1(C)OC2CC3C4CCC5=CC(=O)C=CC5(C)C4(F)C(O)CC3(C)C2(C(=O)CO)O1,-4.316
CC1(O)CCC(C(C)(C)O)CC1,-1.634
CC12C(=O)OC(=O)C1(C)C1CCC2O1,-3.816
CC12C=CC(=O)C=C1CCC1C2C(O)CC2(C)C1CCC2(O)C(=O)CO,-3.209
CC12C=CC(=O)C=C1CCC1C3CC(O)C(O)(C(=O)CO)C3(C)CC(O)C12F,-3.693
CC12CC1(C)C(=O)N(c1cc(Cl)cc(Cl)c1)C2=O,-4.8
CC12CCC(=O)C=C1CCC1C2C(=O)CC2(C)C1CCC2(O)C(=O)CO,-3.11
CC12CCC(=O)C=C1CCC1C2C(O)CC2(C)C(C(=O)CO)CCC12,-3.241
CC12CCC(=O)C=C1CCC1C2C(O)CC2(C)C1CCC2(O)C(=O)CO,-3.054
CC12CCC(=O)C=C1CCC1C2CCC2(C)C(C(=O)CO)CCC12,-3.745
CC12CCC(=O)C=C1CCC1C2CCC2(C)C(O)CCC12,-4.091
CC12CCC(=O)C=C1CCC1C2CCC2(C)C1CCC2(C)O,-3.95
CC12CCC(C1)C(C)(C)C2=O,-1.85
CC12CCC(CC1)C(C)(C)O2,-1.887
CC12CCC3C(=CCc4cc(O)ccc43)C1CCC2=O,-5.279
CC12CCC3C(CC=C4CC(O)CCC43C)C1CCC2=O,-4.122
CC12CCC3C(CCC4=CC(=O)CCC43C)C1CCC2=O,-3.695
CC12CCC3C(CCC4CC(O)CCC43C)C1CCC2=O,-4.402
CC12CCC3C(CCC4CC5SC5CC43C)C1CCC2O,-5.407
CC12CCC3c4ccc(O)cc4CCC3C1CCC2=O,-3.955
CC12CCc3c(ccc4cc(O)ccc34)C1CCC2=O,-5.244
CC1=C(C(=O)Nc2ccccc2)CCCO1,-2.559
CC1=C(C(=O)Nc2ccccc2)S(=O)(=O)CCO1,-2.427
CC1=C(C(=O)Nc2ccccc2)SCCO1,-3.141
CC1=C(C(=O)O)N2C(=O)C(NC(=O)C(N)C3=CCC=CC3)C2SC1,-1.215
CC1=C(CC(=O)O)c2cc(F)ccc2C1=Cc1ccc([S+](C)[O-])cc1,-4.552
CC1=C2C3OC(=O)C(C)C3CCC2(C)C=CC1=O,-3.09
CC1=CC(=O)CC(C)(C)C1,-1.061
CC1=CC(=O)c2ccccc2C1=O,-3.032
CC1=CCC(=O)O1,-0.293
CC1=CCC(C(C)(C)O)CC1,-1.889
CC1=CCCCC1,-3.267
CC1CC(C)C(=O)C(C(O)CC2CC(=O)NC(=O)C2)C1,-1.127
CC1CC2C(C(O)CC3(C)C2CCC3(O)C(=O)CO)C2(C)C=CC(=O)C=C12,-3.494
CC1CC2C3CCC4=CC(=O)C=CC4(C)C3(F)C(O)CC2(C)C1(O)C(=O)CO,-3.7075
CC1CCC(C(C)C)C(=O)C1,-2.492
CC1CCC(C(C)C)C(O)C1,-2.535
CC1CCC(C)(C)C1,-4.478
CC1CCC(C)CC1,-4.466
CC1CCC(O)CC1,-0.882
CC1CCCC(=O)C1,-1.874
CC1CCCC(C)(C)C1,-4.853
CC1CCCC1,-3.302
CC1CCCCC1,-3.788
CC1CCCCC1C,-3.95933
CC1CCCCC1NC(=O)Nc1ccccc1,-4.111
CC1CCCO1,0.31
CC1CCOC1,0.09
CC1CN(N=O)CC(C)O1,-0.065
CC1CNC(C)CN1,0.486
CC1CNCCN1,0.638
CC1CO1,1.007
CC1COC(=O)O1,0.234
CC1OC(C)OC(C)O1,-0.072
CC1OC(OC2C=C3CCC4C(CCC5(C)C(c6ccc(=O)oc6)CCC45O)C3(C)CC2)C(O)C(O)C1O,-3.955
CC=C(C)C,-2.56
CC=CC#N,-0.429
CC=CC(=O)O,0
CC=CC=CC(=O)O,-1.652
CC=CC=O,0.33
CC=CCC,-2.538
CC=CCCCC,-3.816
CC=CCCl,-1.957
CC=Cc1ccc(OC)cc1,-3.126
CC=O,1.356
CCBr,-1.086
CCC#CC(C)C,-2.745
CCC#CCC,-2.167
CCC#N,0.272
CCC(=C(CC)c1ccc(O)cc1)c1ccc(O)cc1,-4.35
CCC(=O)C(C)C,-0.81
CCC(=O)CC,-0.253
CCC(=O)N(c1ccccc1)C1(COC)CCN(CCc2cccs2)CC1,-3.706
CCC(=O)Nc1ccc(Cl)c(Cl)c1,-2.986
CCC(=O)O,1.13
CCC(=O)OC,-0.15
CCC(=O)OC(C)C,-1.29
CCC(=O)OC1CCC2C3CCC4=CC(=O)CCC4(C)C3CCC12C,-5.367
CCC(=O)c1ccc(N)cc1,-2.627
CCC(=O)c1ccccc1,-1.827
CCC(Br)(CC)C(=O)NC(N)=O,-2.676
CCC(C(=O)O)C(=O)O,0.732
CCC(C)(C)C,-3.671
CCC(C)(C)CC,-4.229
CCC(C)(C)CO,-1.129
CCC(C)(C)O,0.096
CCC(C)(C)c1ccc(O)cc1,-2.99
CCC(C)(C)c1ccccc1,-4.15
CCC(C)(CC)OC(N)=O,-1.56
CCC(C)(O)C(C)C,-0.85
CCC(C)(O)CC,-0.38
CCC(C)(S(=O)(=O)CC)S(=O)(=O)CC,-1.685
CCC(C)=O,0.49
CCC(C)C,-3.163
CCC(C)C(C)(C)C,-4.678
CCC(C)C(C)(COC(N)=O)COC(N)=O,-2.366
CCC(C)C(C)=O,-0.681
CCC(C)C(C)C,-4.281
CCC(C)C(C)O,-0.722
CCC(C)C(N)C(=O)O,-0.581
CCC(C)C(O)C(C)CC,-2.51
CCC(C)CC,-3.683
CCC(C)CCO,-1.376
CCC(C)CO,-0.472
CCC(C)Cl,-1.966
CCC(C)N,0.185
CCC(C)N(C(=O)SCc1ccccc1)C(C)CC,-5.048
CCC(C)Nc1c([N+](=O)[O-])cc(C(C)(C)C)cc1[N+](=O)[O-],-5.47
CCC(C)O,0.388
CCC(C)OC,-0.73
CCC(C)OC(C)=O,-1.273
CCC(C)c1cc([N+](=O)[O-])cc([N+](=O)[O-])c1O,-3.665
CCC(C)c1ccc(O)cc1,-2.194
CCC(C)c1ccccc1,-3.882
CCC(C)c1ccccc1OC(=O)NC,-2.497
CCC(C)n1c(=O)[nH]c(C)c(Br)c1=O,-2.506
CCC(CC)C(=O)O,-0.81
CCC(CC)CO,-1.407
CCC(CC)Nc1c([N+](=O)[O-])cc(C)c(C)c1[N+](=O)[O-],-5.972
CCC(Cl)CC,-2.63
CCC(Cl)[N+](=O)[O-],-1.189
CCC(N)Cc1c[nH]c2ccccc12,-2.567
CCC(O)(CC)CC,-0.84
CCC(O)C(C)(C)C,-1.151
CCC(O)C(C)C,-0.706
CCC(O)CC,-0.233
CCC(c1ccc(O)cc1)C(CC)c1ccc(O)cc1,-4.353
CCC1(C(C)C)C(=O)NC(=O)NC1=O,-2.214
CCC1(C2=CCCCC2)C(=O)NC(=O)NC1=O,-2.169
CCC1(C2=CCCCCC2)C(=O)NC(=O)NC1=O,-3.001
CCC1(CC)C(=O)NC(=O)N(C)C1=O,-2
CCC1(CC)C(=O)NC(=O)NC1=O,-1.393
CCC1(CCC(C)C)C(=O)NC(=O)NC1=O,-2.574
CCC1(c2ccccc2)C(=O)NC(=O)NC1=O,-2.321
CCC1(c2ccccc2)C(=O)NCNC1=O,-2.64
CCC1(c2ccccc2)CCC(=O)NC1=O,-2.337
CCC1CCCCC1,-4.251
CCC1CO1,-0.086
CCC1COC(Cn2cncn2)(c2ccc(Cl)cc2Cl)O1,-3.613
CCC1NC(=O)c2cc(S(N)(=O)=O)c(Cl)cc2N1,-3.286
CCC=O,0.722
CCCBr,-1.701
CCCC,-2.978
CCCC#N,-0.321
CCCC(=O)CC,-0.833
CCCC(=O)CCC,-1.552
CCCC(=O)O,1.055
CCCC(=O)OC,-0.833
CCCC(=O)OCC,-1.275
CCCC(C)(C)C,-4.357
CCCC(C)(C)C(=O)Nc1ccc(Cl)cc1,-4.022
CCCC(C)(C)CO,-1.52
CCCC(C)(C)O,-0.499
CCCC(C)(COC(N)=O)COC(=O)NC(C)C,-2.938
CCCC(C)(COC(N)=O)COC(N)=O,-1.667
CCCC(C)(O)CC,-1.001
CCCC(C)=O,-0.302
CCCC(C)C,-3.74
CCCC(C)C(=O)Nc1ccc(C)c(Cl)c1,-4.45
CCCC(C)C1(CC)C(=O)N=C(O)NC1=O,-2.523
CCCC(C)CC,-4.306
CCCC(C)CO,-1.231
CCCC(C)Cl,-2.63
CCCC(C)O,-0.296
CCCC(CC)(CC)CO,-2.419
CCCC(CCC)C(=O)O,-1.858
CCCC(Cl)Cl,-2.4
CCCC(N)=O,0.272
CCCC(O)C(C)C,-1.32
CCCC(O)C(CC)CO,-1.387
CCCC(O)CC,-0.803
CCCC(O)CCC,-1.393
CCCC1(CCC)C(=O)NC(=O)NC1=O,-2.549
CCCC1CCCCN1,-0.849
CCCC1COC(Cn2cncn2)(c2ccc(Cl)cc2Cl)O1,-3.493
CCCC=O,-0.007
CCCCBr,-2.198
CCCCC,-3.278
CCCCC(=O)CC,-0.902
CCCCC(=O)CCCC,-2.593
CCCCC(=O)O,-0.416
CCCCC(=O)OC1(C(=O)CO)C(C)CC2C3CCC4=CC(=O)C=CC4(C)C3(F)C(O)CC21C,-4.71
CCCCC(=O)OCC,-1.77
CCCCC(C)(C)CCC,-4.811
CCCCC(C)(C)O,-1.078
CCCCC(C)(O)CC,-1.6
CCCCC(C)=O,-0.758
CCCCC(C)C,-4.596
CCCCC(C)CC,-5.159
CCCCC(C)O,-0.873
CCCCC(CC)C(=O)O,-1.858
CCCCC(CC)CCl,-3.172
CCCCC(CC)CN,-1.713
CCCCC(CC)CO,-2.27
CCCCC(CC)COC(=O)c1ccccc1C(=O)OCC(CC)CCCC,-6.968
CCCCC(O)CCCC,-2.49
CCCCC1(CC)C(=O)NC(=O)NC1=O,-1.638
CCCCC1C(=O)N(c2ccccc2)N(c2ccc(O)cc2)C1=O,-3.733
CCCCC1C(=O)N(c2ccccc2)N(c2ccccc2)C1=O,-3.812
CCCCC=O,-0.867
CCCCCBr,-3.075
CCCCCC,-3.958
CCCCCC(=O)O,-1.052
CCCCCC(=O)OC,-1.991
CCCCCC(=O)OCC,-2.36
CCCCCC(C)(C)O,-1.72
CCCCCC(C)=O,-1.424
CCCCCC(C)O,-1.551
CCCCCC=O,-1.249
CCCCCCBr,-3.808
CCCCCCC,-4.469
CCCCCCC(=O)O,-1.664
CCCCCCC(=O)OCC,-2.737
CCCCCCC(C)=O,-2.154
CCCCCCC=O,-1.961
CCCCCCCBr,-4.431
CCCCCCCC,-5.238
CCCCCCCC(=O)O,-2.262
CCCCCCCC(=O)OC,-3.39
CCCCCCCC(=O)OCC,-3.391
CCCCCCCC(C)=O,-2.584
CCCCCCCC(C)O,-2.744
CCCCCCCC=O,-2.36
CCCCCCCCBr,-5.063
CCCCCCCCC,-5.766
CCCCCCCCC#N,-3.299
CCCCCCCCC(=O)O,-2.746
CCCCCCCCC(=O)OC,-3.876
CCCCCCCCC(=O)OCC,-3.8
CCCCCCCCC(C)=O,-3.309
CCCCCCCCC=O,-3.171
CCCCCCCCCC(=O)O,-3.445
CCCCCCCCCC(=O)OC,-4.627
CCCCCCCCCC(=O)OCC,-4.1
CCCCCCCCCC(C)O,-2.94
CCCCCCCCCCC(=O)O,-3.553
CCCCCCCCCCCC,-6.41
CCCCCCCCCCCC(=O)O,-3.561
CCCCCCCCCCCCC(=O)O,-3.813
CCCCCCCCCCCCCC,-7.456
CCCCCCCCCCCCCC(=O)O,-5.329
CCCCCCCCCCCCCCCC(=O)O,-6.807
CCCCCCCCCCCCCCCCCCO,-8.391
CCCCCCCCCCCCCCCCCO,-7.506
CCCCCCCCCCCCCCCCO,-7.258
CCCCCCCCCCCCCCCO,-6.35
CCCCCCCCCCCCCCO,-5.854
CCCCCCCCCCCCN1CC(C(=O)OC)CC1=O,-4.376
CCCCCCCCCCCCN1CCCC1=O,-4.67
CCCCCCCCCCCCO,-4.668
CCCCCCCCCCO,-3.631
CCCCCCCCCO,-3.013
CCCCCCCCCOC(=O)c1ccc(N)cc1,-6.001
CCCCCCCCCc1ccc(OP(=O)(Oc2ccccc2)Oc2ccccc2)cc1,-5.769
CCCCCCCCO,-2.382
CCCCCCCCOC(=O)c1ccc(N)cc1,-5.4
CCCCCCCCc1ccccc1,-6.46
CCCCCCCCl,-3.996
CCCCCCCI,-4.81
CCCCCCCO,-1.842
CCCCCCCOC(=O)c1ccc(N)cc1,-4.6
CCCCCCCOC(=O)c1ccc(O)cc1,-4.072
CCCCCCN,-0.926
CCCCCCN1CC(C(=O)O)CC1=O,-1.456
CCCCCCO,-1.239
CCCCCCOC(=O)c1ccc(O)cc1,-3.949
CCCCCCOC(C)=O,-2.451
CCCCCCOCCO,-1.169
CCCCCCc1ccc(O)cc1O,-2.589
CCCCCCc1ccccc1,-5.255
CCCCCN,1.06
CCCCCO,-0.603
CCCCCOC(=O)CCC,-2.467
CCCCCOC(C)=O,-1.877
CCCCCl,-1.925
CCCCI,-2.96
CCCCN,1.136
CCCCN(C)C(=O)Nc1ccc(Cl)c(Cl)c1,-4.758
CCCCN(C)N=O,-0.7
CCCCN(CC)N=O,-1.035
CCCCN(CC)c1c([N+](=O)[O-])cc(C(F)(F)F)cc1[N+](=O)[O-],-6.525
CCCCN(CCCC)CCCC,-3.116
CCCCN(CCCC)N=O,-2.096
CCCCNC(=O)NS(=O)(=O)c1ccc(C)cc1,-3.394
CCCCNC(=O)NS(=O)(=O)c1ccc(N)cc1,-2.178
CCCCNC(=O)n1c(NC(=O)OC)nc2ccccc21,-4.883
CCCCNC(=O)n1cc(F)c(=O)[nH]c1=O,-2.446
CCCCNCCCC,-1.439
CCCCO,-0.069
CCCCOC,-0.99
CCCCOC(=O)C(C)O,-0.563
CCCCOC(=O)C(C)Oc1ccc(Oc2ccc(C(F)(F)F)cn2)cc1,-5.584
CCCCOC(=O)C1(O)c2ccccc2-c2ccccc21,-3.888
CCCCOC(=O)CC,-1.938
CCCCOC(=O)CCC,-2.46
CCCCOC(=O)N(C)SN(C)C(=O)Oc1cccc2c1OC(C)(C)C2,-4.583
CCCCOC(=O)c1ccc(N)cc1,-2.755
CCCCOC(=O)c1ccc(O)cc1,-2.972
CCCCOC(=O)c1ccccc1,-3.48
CCCCOC(=O)c1ccccc1C(=O)OCCCC,-4.395
CCCCOC(=O)c1ccccc1C(=O)OCc1ccccc1,-5.065
CCCCOC(C)=O,-1.141
CCCCOC(N)=O,-0.657
CCCCOC=O,-1.131
CCCCOCC1CO1,-0.814
CCCCOCCCC,-2.638
CCCCOCCO,0.927
CCCCOCCOCCCC,-1.94
CCCCOCCOCCOC(C)=O,-0.497
CCCCOCCOCCOCCCC,-1.862
CCCCOCN(C(=O)CCl)c1c(CC)cccc1CC,-4.193
CCCCOP(=O)(OCCCC)OCCCC,-2.978
CCCCOP(=O)(OCCCC)Oc1ccccc1,-3.475
CCCCS,-2.179
CCCCSP(=O)(SCCCC)SCCCC,-5.634
CCCC[N+](=O)[O-],-1.351
CCCCc1c(C)nc(N(C)C)nc1O,-2.242
CCCCc1c(C)nc(NCC)nc1O,-3.02
CCCCc1ccccc1,-4.056
CCCCl,-1.461
CCCI,-2.201
CCCN,1.228
CCCN(CC1CC1)c1c([N+](=O)[O-])cc(C(F)(F)F)cc1[N+](=O)[O-],-6.541
CCCN(CCC)C(=O)SCC,-2.703
CCCN(CCC)CCC,-2.282
CCCN(CCC)N=O,-1.001
CCCN(CCC)c1c([N+](=O)[O-])cc(C(C)C)cc1[N+](=O)[O-],-6.49
CCCN(CCC)c1c([N+](=O)[O-])cc(C(F)(F)F)c(N)c1[N+](=O)[O-],-7.43
CCCN(CCC)c1c([N+](=O)[O-])cc(C(F)(F)F)cc1[N+](=O)[O-],-6.048
CCCN(CCC)c1c([N+](=O)[O-])cc(S(C)(=O)=O)cc1[N+](=O)[O-],-5.76
CCCN(CCC)c1c([N+](=O)[O-])cc(S(N)(=O)=O)cc1[N+](=O)[O-],-3.61
CCCN(CCCl)c1c([N+](=O)[O-])cc(C(F)(F)F)cc1[N+](=O)[O-],-4.551
CCCN(CCOc1c(Cl)cc(Cl)cc1Cl)C(=O)n1ccnc1,-4.044
CCCNC(=O)COC(=O)c1ccccc1,-2.539
CCCNC(=O)NS(=O)(=O)c1ccc(Cl)cc1,-3.03
CCCNCCC,-0.237
CCCO,1.221
CCCOC,-0.386
CCCOC(=O)CC,-1.34
CCCOC(=O)CCC,-1.905
CCCOC(=O)Cn1cc(I)c(=O)c(I)c1,-3.504
CCCOC(=O)c1cc(O)c(O)c(O)c1,-1.783
CCCOC(=O)c1ccc(N)cc1,-2.328
CCCOC(=O)c1ccc(O)cc1,-2.557
CCCOC(=O)c1ccccc1C(=O)OCCC,-3.365
CCCOC(C)=O,-0.733
CCCOC(C)C,-1.337
CCCOC(N)=O,-0.13
CCCOC=O,-0.603
CCCOCC,-0.845
CCCOCCC,-1.319
CCCOCCN(C(=O)CCl)c1c(CC)cccc1CC,-3.795
CCCOP(=O)(OCCC)Oc1ccc(SC)cc1,-3.386
CCCOP(=S)(OCCC)SCC(=O)N1CCCCC1C,-4.15
CCCOc1ccc([N+](=O)[O-])cc1N,-3.159
CCCSP(=O)(OCC)Oc1ccc(Br)cc1Cl,-4.125
CCCSP(=O)(OCC)SCCC,-2.509
CCC[N+](=O)[O-],-0.774
CCCc1ccccc1,-3.362
CCCl,-1.055
CCI,-1.601
CCN,1.346
CCN(C)CC,0.713
CCN(C)N=O,0.532
CCN(CC)C(=O)C(C)Oc1cccc2ccccc12,-3.57
CCN(CC)C(=O)CC(C)C,-0.595
CCN(CC)C(=O)COC(=O)c1ccccc1,-2.071
CCN(CC)C(=O)CSc1ccc(Cl)nn1,-1.716
CCN(CC)C(=O)SCc1ccc(Cl)cc1,-3.964
CCN(CC)C(=O)c1cccnc1,0.749
CCN(CC)C(=S)SSC(=S)N(CC)CC,-4.86
CCN(CC)CC,-0.138
CCN(CC)CC(=O)Nc1c(C)cccc1C,-1.757
CCN(CC)CCNC(=O)c1cc(Cl)c(N)cc1OC,-3.176
CCN(CC)CCOC(=O)c1ccc(N)cc1,-1.398
CCN(CC)N=O,0.016
CCN(CC)c1c([N+](=O)[O-])cc(C(F)(F)F)c(N)c1[N+](=O)[O-],-5.467
CCN(CC)c1ccccc1,-3.028
CCN(CC)c1nc(C)cc(OP(=S)(OC)OC)n1,-4.133
CCN(CC)c1nc(Cl)nc(NC(C)C)n1,-3.785
CCN(CCO)c1ccc(N=Nc2ccc([N+](=O)[O-])cc2)cc1,-6.293
CCN(Cc1c(F)cccc1Cl)c1c([N+](=O)[O-])cc(C(F)(F)F)cc1[N+](=O)[O-],-6.625
CCN(N=O)C(N)=O,-0.955
CCNC(=O)C(C)OC(=O)Nc1ccccc1,-1.829
CCNC(=O)COC(=O)c1ccccc1,-2.237
CCNC(=O)CSP(=S)(OC)OC,-1.457
CCNC(=O)Nc1ncc([N+](=O)[O-])s1,-2.858
CCNCC,1.136
CCNc1nc(Cl)nc(N(CC)CC)n1,-4.06
CCNc1nc(Cl)nc(NC(C)(C)C#N)n1,-3.151
CCNc1nc(Cl)nc(NC(C)(C)C)n1,-4.402
CCNc1nc(Cl)nc(NC(C)C)n1,-3.887
CCNc1nc(Cl)nc(NCC(=O)OCC)n1,-2.937
CCNc1nc(Cl)nc(NCC)n1,-4.549
CCNc1nc(NC(C)(C)C)nc(OC)n1,-3.239
CCNc1nc(NC(C)(C)C)nc(SC)n1,-3.985
CCNc1nc(NC(C)C(C)C)nc(SC)n1,-3.708
CCNc1nc(NC(C)C)nc(SC)n1,-3.037
CCNc1nc(NC(C)CC)nc(OC)n1,-2.575
CCO,1.337
CCOC(=O)C(C)N(C(=O)c1ccccc1)c1ccc(Cl)c(Cl)c1,-4.263
CCOC(=O)C(C)Oc1ccc(Oc2cnc3cc(Cl)ccc3n2)cc1,-6.094
CCOC(=O)C(C)Oc1ccc(Oc2nc3ccc(Cl)cc3o2)cc1,-5.569
CCOC(=O)C(O)(c1ccc(Cl)cc1)c1ccc(Cl)cc1,-4.512
CCOC(=O)C(SP(=S)(OC)OC)c1ccccc1,-3.205
CCOC(=O)C(c1c(O)c2ccccc2oc1=O)c1c(O)c2ccccc2oc1=O,-3.426
CCOC(=O)C1(c2ccccc2)CCN(C)CC1,-1.885
CCOC(=O)C=C(C)C=CCC(C)CCCC(C)C,-5.693
CCOC(=O)C=Cc1ccccc1,-2.996
CCOC(=O)CC,-0.726
CCOC(=O)CC#N,-0.753
CCOC(=O)CC(=O)OCC,-0.839
CCOC(=O)CC(C)=O,-0.073
CCOC(=O)CC(C)C,-1.652
CCOC(=O)CC(O)(CC(=O)OCC)C(=O)OCC,-0.603
CCOC(=O)CC(SP(=S)(OC)OC)C(=O)OCC,-3.364
CCOC(=O)CCC(=O)OCC,-0.96
CCOC(=O)CCCC(=O)OCC,-1.33
CCOC(=O)CCCCC(=O)OCC,-1.68
CCOC(=O)CCCCCC(=O)OCC,-2.013
CCOC(=O)CCCCCCC(=O)OCC,-2.53
CCOC(=O)CCCCCCCCC(=O)OCC,-3.51
CCOC(=O)CN(C(=O)CCl)c1c(CC)cccc1CC,-3.473
CCOC(=O)CNc1nc(Cl)nc(NC(C)C)n1,-2.562
CCOC(=O)NC,0.826
CCOC(=O)NCC(C)C,-0.768
CCOC(=O)NCCOc1ccc(Oc2ccccc2)cc1,-4.701
CCOC(=O)Nc1cccc(OC(=O)Nc2ccccc2)c1,-4.632
CCOC(=O)OCC,-0.798
CCOC(=O)c1ccc(N)cc1,-2.101
CCOC(=O)c1ccc(O)cc1,-2.309
CCOC(=O)c1ccccc1,-2.319
CCOC(=O)c1ccccc1C(=O)OCC,-2.313
CCOC(C)=O,-0.042
CCOC(C)C,-0.551
CCOC(C)OCC,-0.429
CCOC(N)=O,0.731
CCOC1CC1,-0.641
CCOC1Oc2ccc(OS(C)(=O)=O)cc2C1(C)C,-3.416
CCOC=O,0.076
CCOCC,-0.089
CCOCCO,1.045
CCOCCOC(=O)C=Cc1ccc(OC)cc1,-2.699
CCOCCOC(C)=O,0.272
CCOCCOCC,-0.15
CCOCCOCCO,0.872
CCOCCOCCOCC,0.79
CCOCOCC,-0.173
CCON=C(CC)C1=C(O)CC(c2c(C)cc(C)cc2C)CC1=O,-4.74
CCOP(=O)(NC(C)C)Oc1ccc(SC)c(C)c1,-2.965
CCOP(=O)(OCC)OC(=CCl)c1ccc(Cl)cc1Cl,-3.462
CCOP(=O)(OCC)OCC,0.439
CCOP(=O)(OCC)Oc1ccc([N+](=O)[O-])cc1,-2.059
CCOP(=O)(OCC)SCC(=O)NC(C)(C)C#N,-0.624
CCOP(=O)(OCC)SCCSCC,-2.111
CCOP(=O)(OCC)SC[S+]([O-])CC,-1.512
CCOP(=O)(OCC)SCn1nnc2ccccc2c1=O,-1.993
CCOP(=O)(Oc1ccc(Cl)cc1Cl)Oc1ccc(Cl)cc1Cl,-5.774
CCOP(=O)(Sc1ccccc1)Sc1ccccc1,-3.331
CCOP(=S)(CC)Oc1cc(Cl)c(Cl)cc1Cl,-5.752
CCOP(=S)(CC)Sc1ccccc1,-4.159
CCOP(=S)(NC(C)C)Oc1ccccc1C(=O)OC(C)C,-4.194
CCOP(=S)(NC(C)CC)Oc1cc(C)ccc1[N+](=O)[O-],-4.814
CCOP(=S)(OCC)N1C(=O)c2ccccc2C1=O,-3.352
CCOP(=S)(OCC)OCCSCC,-3.634
CCOP(=S)(OCC)ON=C(C#N)c1ccccc1,-4.63
CCOP(=S)(OCC)Oc1cc(C)nc(C(C)C)n1,-3.881
CCOP(=S)(OCC)Oc1cc(C)nc(N(CC)CC)n1,-4.924
CCOP(=S)(OCC)Oc1cc(Cl)c(Br)cc1Cl,-5.952
CCOP(=S)(OCC)Oc1ccc(S(C)(=O)=O)cc1,-2.638
CCOP(=S)(OCC)Oc1ccc([N+](=O)[O-])cc1,-4.649
CCOP(=S)(OCC)Oc1ccc([S+](C)[O-])cc1,-2.188
CCOP(=S)(OCC)Oc1ccc2c(C)c(Cl)c(=O)oc2c1,-5.384
CCOP(=S)(OCC)Oc1cnc2ccccc2n1,-4.132
CCOP(=S)(OCC)Oc1cnccn1,-2.338
CCOP(=S)(OCC)Oc1nc(Cl)c(Cl)cc1Cl,-5.496
CCOP(=S)(OCC)Oc1nc(Cl)n(C(C)C)n1,-3.32
CCOP(=S)(OCC)Oc1ncn(-c2ccccc2)n1,-4.102
CCOP(=S)(OCC)SC(CCl)N1C(=O)c2ccccc2C1=O,-6.34
CCOP(=S)(OCC)SCC(=O)NC(C)C,-2.057
CCOP(=S)(OCC)SCCS(=O)(=O)CC,-2.54
CCOP(=S)(OCC)SCCSCC,-4.226
CCOP(=S)(OCC)SCC[S+]([O-])CC,-1.861
CCOP(=S)(OCC)SCS(=O)(=O)C(C)(C)C,-2.895
CCOP(=S)(OCC)SCSC(C)(C)C,-4.755
CCOP(=S)(OCC)SCSCC,-3.717
CCOP(=S)(OCC)SCSP(=S)(OCC)OCC,-5.284
CCOP(=S)(OCC)SCSc1ccc(Cl)cc1,-5.736
CCOP(=S)(OCC)SC[S+]([O-])C(C)(C)C,-2.442
CCOP(=S)(OCC)SCn1c(=O)oc2cc(Cl)ccc21,-5.233
CCOP(=S)(OCC)SCn1nnc2ccccc2c1=O,-4.517
CCOP(=S)(Oc1ccc(C#N)cc1)c1ccccc1,-5.704
CCOP(=S)(Oc1ccc([N+](=O)[O-])cc1)c1ccccc1,-5.017
CCOS(=O)(=O)OCC,-1.343
CCOS(C)(=O)=O,0.402
CCOc1cc(Oc2ccc(C(F)(F)F)cc2Cl)ccc1[N+](=O)[O-],-6.558
CCOc1ccc(C(=O)OCCN(CC)CC)cc1,-2.715
CCOc1ccc(NC(C)=O)cc1,-2.369
CCOc1ccc(NC(N)=O)cc1,-2.173
CCOc1ccc(NS(=O)(=O)c2ccc(N)cc2)nn1,-2.427
CCOc1ccc2nc(S(N)(=O)=O)sc2c1,-3.81
CCOc1ccccc1,-2.332
CCS,-0.6
CCS(=O)(=O)C(C)(C)S(=O)(=O)CC,-1.927
CCS(=O)(=O)CC,0.043
CCS(=O)(=O)c1nnc(N(C)C(=O)NC)s1,-1.945
CCSC(=O)N1CCCCCC1,-2.286
CCSCC,-1.46
CCSCc1ccccc1OC(=O)NC,-2.093
CCSc1nc(NC(C)C)nc(NC(C)C)n1,-4.203
CC[N+](=O)[O-],-0.203
CC[S+]([O-])CSP(=S)(OC(C)C)OC(C)C,-2.307
CCc1ccc(C)cc1,-3.103
CCc1ccc(CC)cc1,-3.733
CCc1ccc(O)cc1,-1.475
CCc1ccc2cc3ccccc3cc2c1,-6.886
CCc1ccc2ccccc2c1,-4.29
CCc1cccc(C)c1N(C(=O)CCl)C(C)COC,-2.729
CCc1cccc(CC)c1,-3.748
CCc1cccc(CC)c1N,-2.348
CCc1cccc(CC)c1N(COC)C(=O)CCl,-3.051
CCc1cccc2ccccc12,-4.164
CCc1ccccc1,-2.798
CCc1ccccc1C,-3.207
CCc1ccccc1CC,-3.276
CCc1ccccc1NC(C)=O,-1.591
CCc1ccccc1O,-1.359
CCc1ccccn1,0.501
CCc1cccnc1,0.538
CCc1cccs1,-2.585
CCc1ccncc1,0.827
CCc1nnc(NS(=O)(=O)c2ccc(N)cc2)s1,-1.942
CCn1c(O)c(N=Nc2ccc(Cl)cc2[N+](=O)[O-])c(C)c(C#N)c1=O,-6.69
CN(C)C,1.178
CN(C)C(=O)C(c1ccccc1)c1ccccc1,-2.964
CN(C)C(=O)COC(=O)c1ccccc1,-1.372
CN(C)C(=O)N(C)C,0.935
CN(C)C(=O)Nc1ccc(Cl)c(Cl)c1,-3.744
CN(C)C(=O)Nc1ccc(Cl)cc1,-2.936
CN(C)C(=O)Nc1ccc(Oc2ccc(Cl)cc2)cc1,-4.895
CN(C)C(=O)Nc1cccc(C(F)(F)F)c1,-3.436
CN(C)C(=O)Nc1ccccc1,-1.61
CN(C)C(=O)OC1=CC(=O)CC(C)(C)C1,-0.848
CN(C)C=O,1.136
CN(C)CCC=C1c2ccccc2CCc2ccccc21,-4.456
CN(C)CCC=C1c2ccccc2COc2ccccc21,-3.947
CN(C)CCCN1c2ccccc2CCc2ccccc21,-4.187
CN(C)CCCN1c2ccccc2Sc2ccc(Cl)cc21,-5.097
CN(C)CCCN1c2ccccc2Sc2ccccc21,-4.302
CN(C)CCc1ccc(O)cc1,-1.373
CN(C)N,1.221
CN(C)N=O,1.13
CN(C)NC(=O)CCC(=O)O,-0.205
CN(C)P(=O)(N(C)C)N(C)C,0.747
CN(C)c1ccc(C(=C2C=CC(=[N+](C)C)C=C2)c2ccc(N(C)C)cc2)cc1,-2.009
CN(C)c1ccc(C(=O)O)cc1,-3.398
CN(C)c1ccc(N=Nc2ccccc2)cc1,-5.991
CN(C)c1ccccc1,-1.922
CN(C)c1nc(N(C)C)nc(N(C)C)n1,-3.364
CN(Cc1ccccc1)N=O,-1.522
CN(N=O)C(N)=O,-0.855
CN1C(=O)C(C)(C2=CCCCC2)C(=O)N=C1O,-2.735
CN1C(=O)CCS(=O)(=O)C1c1ccc(Cl)cc1,-2.039
CN1C(=O)CN=C(c2ccccc2)c2cc(Cl)ccc21,-3.755
CN1C2CC(OC(=O)C(CO)c3ccccc3)CC1C1OC12,-0.504
CN1C2CCC1CC(OC(=O)C(CO)c1ccccc1)C2,-2.119
CN1C2CCC1CC(OC(=O)C(O)c1ccccc1)C2,-1.44
CN1CC(=O)NC1=N,-0.15
CN1CCC23c4c5ccc(OCc6ccccc6)c4OC2C(O)C=CC3C1C5,-2.973
CN1CCCC1=O,1.004
CN1CCCC1c1cccnc1,0.79
CN1CCCCC1,0.226
CN1CCN(C(c2ccccc2)c2ccccc2)CC1,-2.426
CN1CCN(CCCN2c3ccccc3Sc3ccc(C(F)(F)F)cc32)CC1,-4.524
CN1CCN(CCCN2c3ccccc3Sc3ccc(Cl)cc32)CC1,-4.397
CN1CCOCC1,0.995
CN1c2ccccc2Sc2ccc(CC(=O)O)cc21,-3.942
CN=C(O)Oc1cccc(C)c1,-1.803
CN=C=S,-0.983
CNC,1.558
CNC(=NC#N)NCCSCc1nc[nH]c1C,-1.345
CNC(=O)C=C(C)OP(=O)(OC)OC,0.651
CNC(=O)COC(=O)c1ccccc1,-1.718
CNC(=O)CSP(=S)(OC)OC,-0.962
CNC(=O)N(C)c1nc2ccccc2s1,-3.574
CNC(=O)N(C)c1nnc(C(C)(C)C)s1,-1.997
CNC(=O)N(C)c1nnc(C(F)(F)F)s1,-2.058
CNC(=O)ON=C(C)SC,-0.447
CNC(=O)ON=C(SC)C(=O)N(C)C,0.106
CNC(=O)ON=CC(C)(C)S(C)(=O)=O,-1.347
CNC(=O)ON=CC(C)(C)SC,-1.499
CNC(=O)Oc1cc(C)c(N(C)C)c(C)c1,-3.347
CNC(=O)Oc1cc(C)c(SC)c(C)c1,-4.353
CNC(=O)Oc1cc(C)cc(C(C)C)c1,-3.357
CNC(=O)Oc1cc(C)cc(C)c1,-2.581
CNC(=O)Oc1ccc(C)c(C)c1,-2.139
CNC(=O)Oc1ccc(N(C)C)c(C)c1,-2.357
CNC(=O)Oc1ccc(SC)c(C)c1,-3.973
CNC(=O)Oc1cccc(N=CN(C)C)c1,-1.546
CNC(=O)Oc1cccc2c1OC(C)(C)C2,-2.84
CNC(=O)Oc1cccc2c1OC(C)(C)O2,-3.747
CNC(=O)Oc1cccc2ccccc12,-3.387
CNC(=O)Oc1ccccc1C(C)C,-2.684
CNC(=O)Oc1ccccc1C1OCCO1,-1.571
CNC(=O)Oc1ccccc1OC(C)C,-2.051
CNC(=O)Oc1ccccc1OC(CCl)OC,-2.301
CNC(=O)n1cc(F)c(=O)[nH]c1=O,-2.48
CNC(C)=O,1.136
CNC(C)C(O)c1ccccc1,-0.415
CNC(N)=O,1.13
CNCC(=O)O,0.527
CNCC(O)C(O)C(O)C(O)CO,0.709
CNCCCN1c2ccccc2CCc2ccccc21,-3.658
CNN,1.337
CNP(=O)(OC)Oc1ccc(C(C)(C)C)cc1Cl,-3.164
CNc1ccccc1,-1.28
CNc1ccccc1C(=O)O,-2.878
CNc1nc(NC(C)C)nc(SC)n1,-2.566
COC,0.884
COC(=O)C(C)N(C(=O)Cc1ccccc1)c1c(C)cccc1C,-3.944
COC(=O)C(C)N(C(=O)c1ccccc1)c1ccc(F)c(Cl)c1,-3.982
COC(=O)C(C)N(C(=O)c1ccco1)c1c(C)cccc1C,-3.117
COC(=O)C(C)Oc1ccc(Oc2ccc(Cl)cc2Cl)cc1,-3.834
COC(=O)C(Cl)Cc1ccc(Cl)cc1,-3.765
COC(=O)C1=CCCN(C)C1,0.809
COC(=O)C1C(OC(=O)c2ccccc2)CC2CCC1N2C,-2.227
COC(=O)C=CC(=O)OC,-0.256
COC(=O)CC(C)=O,0.634
COC(=O)NS(=O)(=O)c1ccc(N)cc1,-1.663
COC(=O)Nc1cccc(OC(=O)Nc2cccc(C)c2)c1,-4.779
COC(=O)Nc1nc2ccccc2[nH]1,-3.834
COC(=O)c1c(Cl)c(Cl)c(C(=O)OC)c(Cl)c1Cl,-5.822
COC(=O)c1cc(Cl)cc(N)c1Cl,-3.263
COC(=O)c1cc(O)c(O)c(O)c1,-1.24
COC(=O)c1cc(Oc2ccc(Cl)cc2Cl)ccc1[N+](=O)[O-],-5.934
COC(=O)c1ccc(N)cc1,-1.597
COC(=O)c1ccc(O)cc1,-1.784
COC(=O)c1ccc(OC)cc1,-2.412
COC(=O)c1ccccc1,-1.812
COC(=O)c1ccccc1C(=O)OC,-1.686
COC(=O)c1ccccc1CS(=O)(=O)NC(=O)Nc1nc(OC)cc(OC)n1,-3.534
COC(=O)c1ccccc1O,-1.313
COC(=O)c1ccccc1S(=O)(=O)NC(=O)Nc1nc(C)cc(C)n1,-3.084
COC(=O)c1ccccc1S(=O)(=O)NC(=O)Nc1nc(C)nc(OC)n1,-1.604
COC(=O)c1cccnc1,-0.46
COC(C)(C)C,-0.238
COC(C)(C)CCCC(C)CC=CC(C)=CC(=O)OC(C)C,-5.346
COC(C)=O,0.516
COC(C)C,-0.057
COC(N)=O,0.964
COC1=CC(=O)CC(C)C12Oc1c(Cl)c(OC)cc(OC)c1C2=O,-4.611
COC1OC(CO)C(O)C(O)C1O,0.299
COC=O,0.704
COCC(=O)N(c1c(C)cccc1C)C(C)C(=O)OC,-1.601
COCC(C)C,-0.9
COCC(C)OC(C)=O,0.176
COCCCNc1nc(NC(C)C)nc(SC)n1,-2.928
COCCN(C(=O)CCl)c1c(C)cccc1C,-2.086
COCCO,1.119
COCCOC,1.045
COCCOCCOC,0.872
COCCOc1c(OC)cc(Cc2cnc(N)nc2N)cc1OC,-2.101
COCOC,0.506
COCc1ccc([N+](=O)[O-])o1,-1.155
CON(C)C(=O)Nc1ccc(Br)c(Cl)c1,-3.924
CON(C)C(=O)Nc1ccc(Br)cc1,-2.895
CON(C)C(=O)Nc1ccc(Cl)c(Cl)c1,-3.521
CON(C)C(=O)Nc1ccc(Cl)cc1,-2.363
COP(=O)(NC(C)=O)SC,0.65
COP(=O)(OC)C(O)C(Cl)(Cl)Cl,-0.331
COP(=O)(OC)OC,0.553
COP(=O)(OC)OC(=CCl)c1cc(Cl)c(Cl)cc1Cl,-4.522
COP(=O)(OC)OC(Br)C(Cl)(Cl)Br,-2.28
COP(=O)(OC)OC(C)=CC(=O)N(C)C,0.625
COP(=O)(OC)OC(C)=CC(=O)OC(C)c1ccccc1,-2.497
COP(=O)(OC)OC1=C(Cl)C2C=CCC12,-2.001
COP(=O)(OC)OC=C(Cl)Cl,-1.344
COP(=O)(Oc1ccccc1)Oc1ccccc1,-2.121
COP(=S)(NC(C)C)Oc1ccc(Cl)cc1Cl,-4.798
COP(=S)(OC)Oc1c(Cl)cc(C)cc1Cl,-5.877
COP(=S)(OC)Oc1cc(Cl)c(Br)cc1Cl,-6.086
COP(=S)(OC)Oc1cc(Cl)c(Cl)cc1Cl,-5.507
COP(=S)(OC)Oc1cc(Cl)c(I)cc1Cl,-6.616
COP(=S)(OC)Oc1ccc(C#N)cc1,-3.723
COP(=S)(OC)Oc1ccc(SC)c(C)c1,-4.569
COP(=S)(OC)Oc1ccc(Sc2ccc(OP(=S)(OC)OC)cc2)cc1,-6.237
COP(=S)(OC)Oc1ccc([N+](=O)[O-])c(C)c1,-3.863
COP(=S)(OC)Oc1ccc([N+](=O)[O-])c(Cl)c1,-3.872
COP(=S)(OC)Oc1ccc([N+](=O)[O-])cc1,-3.844
COP(=S)(OC)Oc1ccc([N+](=O)[O-])cc1Cl,-4.306
COP(=S)(OC)Oc1nc(Cl)c(Cl)cc1Cl,-4.831
COP(=S)(OC)SCC(=O)N(c1ccc(Cl)cc1)C(C)C,-4.432
COP(=S)(OC)SCCSC(C)C,-3.429
COP(=S)(OC)SCN1C(=O)c2ccccc2C1=O,-4.114
COP(=S)(OC)SCSc1ccc(Cl)cc1,-5.294
COP(=S)(OC)SCn1nnc2ccccc2c1=O,-4.181
COP(=S)(Oc1cc(Cl)c(Br)cc1Cl)c1ccccc1,-7.138
COP(C)(=O)OC,0.906
COP(N)(=O)SC,0.85
COP1(=S)OCc2ccccc2O1,-3.571
COS(=O)(=O)OC,-0.654
COc1c(Cl)cc(Cl)cc1Cl,-4.325
COc1c(Cl)ccc(Cl)c1C(=O)O,-1.691
COc1c(O)cc(Cl)c(Cl)c1Cl,-4.398
COc1c([N+](=O)[O-])cc([N+](=O)[O-])cc1[N+](=O)[O-],-3.085
COc1c2c(cc3oc(=O)ccc13)OC(C)(C)C=C2,-3.81
COc1c2occc2cc2ccc(=O)oc12,-3.657
COc1cc(-c2ccc(N)c(OC)c2)ccc1N,-3.61
COc1cc(C(=O)O)ccc1O,-2.05
COc1cc(C2c3cc4c(c(O)c3CC3COC(=O)C32)OCO4)cc(OC)c1OC,-4.503
COc1cc(C2c3cc4c(cc3C(O)C3COC(=O)C23)OCO4)cc(OC)c1OC,-3.617
COc1cc(C=O)ccc1O,-1.141
COc1cc(Cc2cnc(N)nc2N)cc(OC)c1OC,-2.861
COc1cc(Cl)c(OC)cc1Cl,-4.413
COc1cc(N)c2c(c1N)C(=O)c1ccccc1C2=O,-5.746
COc1cc(NS(=O)(=O)c2ccc(N)cc2)nc(C)n1,-2.543
COc1cc(NS(=O)(=O)c2ccc(N)cc2)nc(OC)n1,-2.957
COc1cc(O)c(C(=O)c2ccccc2)cc1S(=O)(=O)O,-0.091
COc1cc(Oc2ccc(Cl)cc2Cl)ccc1[N+](=O)[O-],-6.02
COc1cc2c(cc1OC)C13CCN4CC5=CCOC6CC(=O)N2C1C6C5CC43,-2.091
COc1ccc(C(=O)Cc2c(CCN(C)C)cc3c(c2OC)OCO3)c(C(=O)O)c1OC,-2.535
COc1ccc(C(=O)O)cc1,-2.458
COc1ccc(C(=O)c2cccc(C)c2)cc1C,-5.08
COc1ccc(C(=O)c2csc(S(N)(=O)=O)c2)cc1,-4.473
COc1ccc(C(O)(c2cncnc2)C2CC2)cc1,-2.596
COc1ccc(C(c2ccc(OC)cc2)C(Cl)(Cl)Cl)cc1,-6.539
COc1ccc(C=CC(=O)O)cc1,-2.398
COc1ccc(C=O)cc1,-1.502
COc1ccc(CC2NCC(O)C2OC(C)=O)cc1,-1.608
COc1ccc(NC(=O)N(C)C)cc1Cl,-2.581
COc1ccc(NC(N)=O)cc1,-1.592
COc1ccc(NS(=O)(=O)c2ccc(N)cc2)nn1,-3.28
COc1ccc(O)c([N+](=O)[O-])c1,-2.839
COc1ccc(O)cc1,-0.492
COc1ccc(Oc2ccc(NC(=O)N(C)C)cc2)cc1,-4.156
COc1ccc([N+](=O)[O-])cc1,-2.414
COc1ccc([N+](=O)[O-])cc1[N+](=O)[O-],-3.107
COc1ccc2c(c1)N(CC(C)CN(C)C)c1ccccc1S2,-4.215
COc1ccc2c(c1OC)C(=O)OC2,-1.89
COc1ccc2c(c1OC)C(=O)OC2C1c2c(cc3c(c2OC)OCO3)CCN1C,-3.139
COc1ccc2c3c1OC1C(O)C=CC4C(C2)N(C)CCC341,-1.522
COc1ccc2cc(C(C)C(=O)O)ccc2c1,-4.161
COc1ccc2ccc(=O)oc2c1CC=C(C)C,-4.309
COc1cccc(OC)c1O,-0.952
COc1cccc([N+](=O)[O-])c1,-2.486
COc1ccccc1,-2.017
COc1ccccc1C(=O)O,-1.483
COc1ccccc1O,-0.822
COc1ccccc1OCC(O)CO,-0.598
COc1ccccc1OCC(O)COC(N)=O,-0.985
COc1ccccc1[N+](=O)[O-],-1.957
COc1ccn(C)c(=O)c1C#N,-1.784
COc1cnc(NS(=O)(=O)c2ccc(N)cc2)nc1,-2.584
COc1coc(CSP(=O)(OC)OC)cc1=O,0.528
COc1nc(NC(C)C)nc(NC(C)C)n1,-2.478
COc1nn(CSP(=S)(OC)OC)c(=O)s1,-3.209
CS(=O)(=O)F,-0.515
CSC,-0.994
CSC(C)=NOC(=O)N(C)SN(C)C(=O)ON=C(C)SC,-4.269
CSCCC(N)C(=O)O,-0.421
CSCOC(=O)c1ccccc1OC(C)=O,-2.64
CSc1ccccc1,-2.39
CSc1nc(NC(C)C)nc(NC(C)C)n1,-3.864
CSc1nc2ccccc2s1,-3.161
CSc1nnc(C(C)(C)C)c(=O)n1N,-2.245
C[N+](=O)[O-],0.26
C[N+](C)(C)CCCl,0.799
C[S+](C)[O-],1.107
Cc1[nH]c(=O)n(C(C)(C)C)c(=O)c1Cl,-2.485
Cc1c(C(N)=O)cc([N+](=O)[O-])cc1[N+](=O)[O-],-2.352
Cc1c(C)c(C)c(C)c(C)c1C,-5.839
Cc1c(C)c2c3ccccc3ccc2c2ccccc12,-7.011
Cc1c(N(C)C)c(=O)n(-c2ccccc2)n1C,-0.629
Cc1c([N+](=O)[O-])cc([N+](=O)[O-])cc1[N+](=O)[O-],-3.242
Cc1c([N+](=O)[O-])cccc1[N+](=O)[O-],-3
Cc1c2ccccc2c(C)c2c1ccc1ccccc12,-6.624
Cc1c2ccccc2c(C)c2ccccc12,-6.566
Cc1c2ccccc2cc2c1ccc1ccccc12,-7.343
Cc1c2ccccc2cc2ccccc12,-5.867
Cc1c[nH]c(=O)[nH]c1=O,-1.519
Cc1c[nH]c2ccccc12,-2.421
Cc1cc(=O)[nH]o1,-0.067
Cc1cc(=O)n(-c2ccccc2)n1C,-0.564
Cc1cc(C)c(C(=O)O)c(C)c1,-2.357
Cc1cc(C)c(C)c(C)c1C,-3.981
Cc1cc(C)c(C)cc1C,-4.586
Cc1cc(C)c(N)cc1C,-1.955
Cc1cc(C)c(O)c(C)c1,-2.055
Cc1cc(C)c2ccccc2c1,-4.291
Cc1cc(C)c2ccccc2n1,-1.944
Cc1cc(C)cc(C)c1,-3.397
Cc1cc(C)cc(O)c1,-1.399
Cc1cc(C)nc(C)c1,-0.539
Cc1cc(C)nc(NS(=O)(=O)c2ccc(N)cc2)n1,-2.268
Cc1cc(Cl)ccc1N=CN(C)C,-2.862
Cc1cc(Cl)ccc1O,-1.552
Cc1cc(Cl)ccc1OC(C)C(=O)O,-2.539
Cc1cc(Cl)ccc1OCC(=O)O,-2.503
Cc1cc(Cl)ccc1OCCCC(=O)O,-3.678
Cc1cc(N(C)C)nc(Cl)n1,-1.261
Cc1cc(N(CCO)CCO)ccc1N=Nc1ccc([N+](=O)[O-])cc1Cl,-6.57
Cc1cc(N)nc(C)n1,-1.284
Cc1cc(NS(=O)(=O)c2ccc(N)cc2)nc(C)n1,-2.238
Cc1cc(NS(=O)(=O)c2ccc(N)cc2)no1,-2.618
Cc1cc(O)c(Cl)c(C)c1Cl,-2.98
Cc1cc(O)c([N+](=O)[O-])cc1Cl,-4.39
Cc1cc(O)cc(C)c1Cl,-2.797
Cc1cc(O)ccc1[N+](=O)[O-],-2.11
Cc1cc([N+](=O)[O-])cc([N+](=O)[O-])c1O,-3
Cc1cc2c3ccccc3ccc2c2ccccc12,-6.571
Cc1cc2ccccc2c2ccc3ccccc3c12,-6.592
Cc1cc2ccccc2cc1C,-4.895
Cc1ccc(-c2ccccc2)cc1,-4.618
Cc1ccc(Br)cc1,-3.192
Cc1ccc(C(=O)O)cc1,-2.603
Cc1ccc(C(=O)O)cc1C,-3.066
Cc1ccc(C(C)C)c(O)c1,-2.222
Cc1ccc(C(C)C)c(O)c1C(=O)O,-3.288
Cc1ccc(C(C)C)cc1,-3.759
Cc1ccc(C(C)C)cc1O,-2.08
Cc1ccc(C)c(C)c1,-3.324
Cc1ccc(C)c(O)c1,-1.538
Cc1ccc(C)c(O)c1C,-1.936
Cc1ccc(C)c2c(C)cccc12,-4.909
Cc1ccc(C)c2ccccc12,-4.137
Cc1ccc(C)cc1,-2.816
Cc1ccc(C)nc1,0.401
Cc1ccc(C=O)cc1,-1.724
Cc1ccc(CO)cc1,-1.2
Cc1ccc(Cl)c(Cl)c1,-3.792
Cc1ccc(Cl)cc1,-3.077
Cc1ccc(N(C)C)cc1,-2.318
Cc1ccc(N(CCO)CCO)cc1,-0.91
Cc1ccc(N)cc1,-1.217
Cc1ccc(NC(=O)N(C)C)cc1Cl,-3.483
Cc1ccc(O)c(C)c1,-1.191
Cc1ccc(O)c([N+](=O)[O-])c1,-2.384
Cc1ccc(O)cc1,-0.702
Cc1ccc(O)cc1C,-1.409
Cc1ccc(S(=O)(=O)NC(=O)NC2CCCCC2)cc1,-4.207
Cc1ccc(S(=O)(=O)NC(=O)NN2CCCCCC2)cc1,-3.678
Cc1ccc(S(N)(=O)=O)cc1,-1.734
Cc1ccc([N+](=O)[O-])c([N+](=O)[O-])c1,-3.26
Cc1ccc([N+](=O)[O-])cc1,-2.492
Cc1ccc([N+](=O)[O-])cc1[N+](=O)[O-],-2.829
Cc1ccc2c(ccc3ccccc32)c1,-5.837
Cc1ccc2cc(C)c(C)cc2c1,-5.001
Cc1ccc2cc(C)ccc2c1,-4.893
Cc1ccc2cc3c(ccc4ccccc43)c3c2c1CC3,-7.966
Cc1ccc2cc3c(ccc4ccccc43)cc2c1,-6.816
Cc1ccc2cc3ccccc3cc2c1,-6.956
Cc1ccc2ccc(C)nc2c1,-1.944
Cc1ccc2ccccc2c1,-3.762
Cc1cccc(Br)c1,-3.523
Cc1cccc(C(=O)O)c1,-2.143
Cc1cccc(C)c1,-2.819
Cc1cccc(C)c1C,-3.204
Cc1cccc(C)c1N(Cn1cccn1)C(=O)CCl,-4.213
Cc1cccc(C)c1NC(=O)c1cc(S(N)(=O)=O)c(Cl)cc1O,-3.787
Cc1cccc(C)c1O,-1.305
Cc1cccc(C)n1,0.447
Cc1cccc(N)c1,-0.854
Cc1cccc(NC(=O)c2ccccc2C(=O)O)c1,-2.407
Cc1cccc(O)c1,-0.678
Cc1cccc(O)c1C,-1.427
Cc1cccc(O)c1[N+](=O)[O-],-1.641
Cc1cccc(Oc2ccc([N+](=O)[O-])cc2)c1,-4.661
Cc1cccc(S(N)(=O)=O)c1,-1.341
Cc1cccc([N+](=O)[O-])c1,-2.438
Cc1cccc2c(C)cccc12,-4.756
Cc1cccc2c1Cc1ccccc1-2,-5.218
Cc1cccc2c1ccc1ccccc12,-5.854
Cc1cccc2ccc3cc4ccccc4cc3c12,-6.644
Cc1cccc2ccccc12,-3.741
Cc1cccc2sc3nncn3c12,-2.073
Cc1ccccc1,-2.243
Cc1ccccc1C,-2.776
Cc1ccccc1C(=O)O,-2.062
Cc1ccccc1COC1CC2(C(C)C)CCC1(C)O2,-3.639
Cc1ccccc1Cl,-2.53
Cc1ccccc1N,-0.81
Cc1ccccc1N1C(=O)c2cc(S(N)(=O)=O)c(Cl)cc2NC1C,-3.783
Cc1ccccc1O,-0.621
Cc1ccccc1OCC(O)CO,-1.189
Cc1ccccc1Oc1cccnn1,-1.969
Cc1ccccc1S(N)(=O)=O,-2.024
Cc1ccccc1[N+](=O)[O-],-2.324
Cc1ccccn1,1.031
Cc1cccnc1,1.031
Cc1cccnc1C,0.385
Cc1ccco1,-1.437
Cc1ccnc(C)c1,0.514
Cc1ccncc1,1.031
Cc1ccncc1C,0.359
Cc1ccsc1,-2.39
Cc1cnc(=O)[nH]c1N,-0.56
Cc1cnc(NS(=O)(=O)c2ccc(N)cc2)nc1,-2.82
Cc1cnc2c(ccc3c(C)c(C)cnc32)c1C,-5.195
Cc1cnccn1,1.026
Cc1csc(NS(=O)(=O)c2ccc(N)cc2)n1,-2.129
Cc1nc(N(C)C)nc(OC(=O)N(C)C)c1C,-1.946
Cc1nc(NS(=O)(=O)c2ccc(N)cc2)oc1C,-2.202
Cc1nc2ccccc2[nH]1,-1.96
Cc1nnc(NS(=O)(=O)c2ccc(N)cc2)s1,-2.411
Cc1occc(=O)c1O,-1.063
Cc1occc1C(=O)Nc1ccccc1,-3.304
ClC(Br)Br,-1.919
ClC(Cl)(Cl)C(Cl)(Cl)Cl,-4.488
ClC(Cl)(Cl)Cl,-2.288
ClC(Cl)(Cl)c1ccccc1,-3.567
ClC(Cl)=C(Cl)C(Cl)=C(Cl)Cl,-4.911
ClC(Cl)=C(Cl)Cl,-2.919
ClC(Cl)=C(c1ccc(Cl)cc1)c1ccc(Cl)cc1,-6.9
ClC(Cl)Br,-1.733
ClC(Cl)C(Cl)(Cl)Cl,-2.625
ClC(Cl)C(Cl)Cl,-1.754
ClC(Cl)Cl,-1.177
ClC(Cl)c1ccccc1,-2.809
ClC1=C(Cl)C(Cl)(Cl)C(Cl)=C1Cl,-5.181
ClC1=C(Cl)C2(Cl)C3C(Cl)C(Cl)CC3C1(Cl)C2(Cl)Cl,-6.864
ClC1=C(Cl)C2(Cl)C3C(Cl)C=CC3C1(Cl)C2(Cl)Cl,-6.317
ClC1=C(Cl)C2(Cl)C3C4C=CC(C4)C3C1(Cl)C2(Cl)Cl,-7.332
ClC1=C(Cl)C2(Cl)C3C4CC(C5OC45)C3C1(Cl)C2(Cl)Cl,-6.237
ClC1=C(Cl)C2(Cl)C3C4OC4C(Cl)C3C1(Cl)C2(Cl)Cl,-6.289
ClC1C(Cl)C(Cl)C(Cl)C(Cl)C1Cl,-5.0775
ClC=C(Cl)Cl,-2.077
ClC=CCCl,-2.045
ClC=CCl,-1.442
ClCBr,-0.889
ClCC(Br)CBr,-2.374
ClCC(Cl)Cl,-1.48
ClCC1CO1,-0.147
ClCCBr,-1.318
ClCCCBr,-1.847
ClCCCCl,-1.614
ClCCCl,-1.065
ClCCOCCCl,-0.92
ClCCOCCOCCCl,-0.996
ClCCSCCCl,-2.363
ClCCl,-0.815
ClCc1ccccc1,-2.382
Clc1c(Cl)c(Cl)c(-c2c(Cl)c(Cl)c(Cl)c(Cl)c2Cl)c(Cl)c1Cl,-10.827
Clc1c(Cl)c(Cl)c(Cl)c(Cl)c1Cl,-7.662
Clc1c(Cl)c(Cl)c2c(Cl)c(Cl)c(Cl)c(Cl)c2c1Cl,-9.703
Clc1c(Cl)c(Cl)c2c(c1Cl)Oc1c(Cl)c(Cl)c(Cl)c(Cl)c1O2,-12.06
Clc1c(Cl)c(Cl)c2c(c1Cl)Oc1ccccc1O2,-8.708
Clc1c(Cl)c(Cl)c2ccccc2c1Cl,-7.795
Clc1c(Cl)c(Cl)c2nccnc2c1Cl,-5.428
Clc1cc(-c2cc(Cl)c(Cl)c(Cl)c2)cc(Cl)c1Cl,-8.85
Clc1cc(-c2ccccc2)c(Cl)c(Cl)c1Cl,-7.319
Clc1cc(Cl)c(-c2c(Cl)cc(Cl)cc2Cl)c(Cl)c1,-8.947
Clc1cc(Cl)c(-c2c(Cl)ccc(Cl)c2Cl)cc1Cl,-7.93
Clc1cc(Cl)c(-c2cc(Cl)c(Cl)cc2Cl)cc1Cl,-8.58
Clc1cc(Cl)c(-c2ccc(Cl)c(Cl)c2Cl)cc1Cl,-8.381
Clc1cc(Cl)c(-c2cccc(Cl)c2Cl)cc1Cl,-7.06
Clc1cc(Cl)c(-c2ccccc2)c(Cl)c1,-6.009
Clc1cc(Cl)c(-c2ccccc2)cc1Cl,-6.199
Clc1cc(Cl)c(Cl)c(-c2c(Cl)c(Cl)cc(Cl)c2Cl)c1Cl,-9.466
Clc1cc(Cl)c(Cl)c(-c2c(Cl)ccc(Cl)c2Cl)c1,-7.822
Clc1cc(Cl)c(Cl)c(Cl)c1,-4.627
Clc1cc(Cl)c(Cl)c(Cl)c1Cl,-5.479
Clc1cc(Cl)c(Cl)cc1Cl,-5.56
Clc1cc(Cl)c2c(c1Cl)Oc1ccccc1O2,-7.534
Clc1cc(Cl)c2cc(Cl)cc(Cl)c2c1,-7.823
Clc1cc(Cl)c2cc(Cl)ccc2c1,-6.556
Clc1cc(Cl)cc(-c2c(Cl)c(Cl)cc(Cl)c2Cl)c1,-8.27
Clc1cc(Cl)cc(Cl)c1,-4.48
Clc1cc2c(Cl)ccc(Cl)c2cc1Cl,-7.516
Clc1cc2c(Cl)cccc2c(Cl)c1Cl,-7.857
Clc1cc2c(c(Cl)c1Cl)Oc1c(Cl)c(Cl)c(Cl)c(Cl)c1O2,-11.248
Clc1cc2c(cc1Cl)Oc1c(Cl)c(Cl)c(Cl)c(Cl)c1O2,-10.949
Clc1cc2c(cc1Cl)Oc1cc(Cl)c(Cl)cc1O2,-9.207
Clc1cc2ccccc2cc1Cl,-6.357
Clc1cc2oc3cc(Cl)c(Cl)cc3c2cc1Cl,-8.646
Clc1ccc(-c2c(Cl)ccc(Cl)c2Cl)cc1Cl,-7.65
Clc1ccc(-c2c(Cl)cccc2Cl)cc1,-6.209
Clc1ccc(-c2cc(Cl)c(Cl)c(Cl)c2Cl)c(Cl)c1,-8.52
Clc1ccc(-c2cc(Cl)c(Cl)cc2Cl)c(Cl)c1,-7.95
Clc1ccc(-c2cc(Cl)c(Cl)cc2Cl)cc1,-7.77
Clc1ccc(-c2cc(Cl)c(Cl)cc2Cl)cc1Cl,-7.387
Clc1ccc(-c2cc(Cl)ccc2Cl)c(Cl)c1,-6.573
Clc1ccc(-c2cc(Cl)ccc2Cl)cc1,-6.256
Clc1ccc(-c2ccc(Cl)c(Cl)c2)c(Cl)c1,-6.9
Clc1ccc(-c2ccc(Cl)c(Cl)c2)cc1Cl,-8.71
Clc1ccc(-c2ccc(Cl)c(Cl)c2Cl)c(Cl)c1,-7.62
Clc1ccc(-c2ccc(Cl)c(Cl)c2Cl)c(Cl)c1Cl,-9.013
Clc1ccc(-c2ccc(Cl)c(Cl)c2Cl)cc1,-6.875
Clc1ccc(-c2ccc(Cl)cc2)cc1,-6.556
Clc1ccc(-c2ccc(Cl)cc2Cl)c(Cl)c1,-6.732
Clc1ccc(-c2ccc(Cl)cc2Cl)cc1,-5.979
Clc1ccc(-c2cccc(Cl)c2Cl)cc1,-6.259
Clc1ccc(-c2ccccc2)c(Cl)c1,-5.288
Clc1ccc(-c2ccccc2)cc1,-5.149
Clc1ccc(-c2ccccc2)cc1Cl,-6.39
Clc1ccc(-c2ccccc2Cl)c(Cl)c1,-6.49
Clc1ccc(-c2ccccc2Cl)cc1,-5.28
Clc1ccc(-c2ccccc2Cl)cc1Cl,-6.287
Clc1ccc(Br)cc1,-3.63
Clc1ccc(C(c2ccc(Cl)cc2)C(Cl)(Cl)Cl)cc1,-7.809
Clc1ccc(C(c2ccc(Cl)cc2)C(Cl)Cl)cc1,-6.551
Clc1ccc(C(c2ccccc2Cl)C(Cl)(Cl)Cl)cc1,-6.62
Clc1ccc(C(c2ccccc2Cl)C(Cl)Cl)cc1,-6.505
Clc1ccc(Cl)c(-c2c(Cl)ccc(Cl)c2Cl)c1,-7.19
Clc1ccc(Cl)c(-c2c(Cl)ccc(Cl)c2Cl)c1Cl,-7.903
Clc1ccc(Cl)c(-c2cc(Cl)c(Cl)cc2Cl)c1,-7.326
Clc1ccc(Cl)c(-c2cc(Cl)ccc2Cl)c1,-7.281
Clc1ccc(Cl)c(-c2ccc(Cl)c(Cl)c2)c1,-6.853
Clc1ccc(Cl)c(-c2ccc(Cl)c(Cl)c2Cl)c1,-7.045
Clc1ccc(Cl)c(-c2cccc(Cl)c2Cl)c1,-6.465
Clc1ccc(Cl)c(-c2ccccc2)c1,-5.299
Clc1ccc(Cl)c(-c2ccccc2)c1Cl,-6.49
Clc1ccc(Cl)c(-c2ccccc2Cl)c1,-5.809
Clc1ccc(Cl)c(Cl)c1,-3.569
Clc1ccc(Cl)c(Cl)c1Cl,-4.562
Clc1ccc(Cl)c2ccccc12,-5.803
Clc1ccc(Cl)cc1,-3.257
Clc1ccc(I)cc1,-4.076
Clc1ccc(Oc2ccccc2)cc1,-4.793
Clc1ccc2c(c1)Oc1c(Cl)c(Cl)c(Cl)c(Cl)c1O2,-9.473
Clc1ccc2c(c1)Oc1cc(Cl)c(Cl)c(Cl)c1O2,-8.874
Clc1ccc2c(c1)Oc1ccccc1O2,-5.836
Clc1ccc2ccc(Cl)cc2c1,-5.922
Clc1ccc2ccccc2c1,-4.143
Clc1cccc(-c2c(Cl)ccc(Cl)c2Cl)c1Cl,-6.78
Clc1cccc(-c2cc(Cl)c(Cl)c(Cl)c2Cl)c1Cl,-8.421
Clc1cccc(-c2cc(Cl)ccc2Cl)c1,-6.008
Clc1cccc(-c2cccc(Cl)c2)c1,-5.798
Clc1cccc(-c2cccc(Cl)c2Cl)c1Cl,-7.272
Clc1cccc(-c2ccccc2)c1,-4.716
Clc1cccc(-c2ccccc2)c1Cl,-5.35
Clc1cccc(-c2ccccc2Cl)c1,-5.585
Clc1cccc(Br)c1,-3.21
Clc1cccc(C(Cl)(Cl)Cl)n1,-3.761
Clc1cccc(Cl)c1,-3.07
Clc1cccc(Cl)c1-c1c(Cl)cccc1Cl,-7.39
Clc1cccc(Cl)c1-c1ccccc1,-4.966
Clc1cccc(Cl)c1Cl,-4.003
Clc1cccc(I)c1,-3.532
Clc1cccc2c(Cl)cccc12,-5.716
Clc1cccc2cccc(Cl)c12,-5.796
Clc1cccc2ccccc12,-3.971
Clc1ccccc1,-2.354
Clc1ccccc1-c1c(Cl)cccc1Cl,-5.9
Clc1ccccc1-c1ccc(Cl)c(Cl)c1Cl,-6.83
Clc1ccccc1-c1cccc(Cl)c1Cl,-5.944
Clc1ccccc1-c1ccccc1,-4.592
Clc1ccccc1-c1ccccc1Cl,-5.081
Clc1ccccc1Br,-3.203
Clc1ccccc1Cl,-2.974
Clc1ccccc1I,-3.532
Clc1ccccn1,-0.754
Clc1nc(Cl)nc(Nc2ccccc2Cl)n1,-4.537
Cn1c(=O)c2[nH]cnc2n(C)c1=O,-1.389
Cn1c(=O)c2c(ncn2C)n(C)c1=O,-0.966
Cn1cc(-c2ccccc2)c(=O)c(-c2cccc(C(F)(F)F)c2)c1,-4.438
Cn1ccc(=O)[nH]c1=O,-0.8
Cn1ccccc1=O,0.962
Cn1cnc2c1c(=O)[nH]c(=O)n2C,-2.737
FC(Br)C(F)(F)F,-1.901
FC(Cl)(Cl)C(F)(Cl)Cl,-3.189
FC(Cl)(Cl)Cl,-2.096
FC(Cl)Cl,-0.738
FC(F)(Cl)C(F)(Cl)Cl,-3.042
FC(F)(Cl)C(F)(F)Cl,-3.119
FC(F)(Cl)Cl,-2.635
FC(F)(F)Br,-2.668
FC(F)(F)C(Cl)Br,-1.704
FC(F)(F)C(F)(F)C(F)(F)F,-4.518
FC(F)(F)C(F)(F)Cl,-3.411
FC(F)(F)Cl,-3.065
FC(F)(F)c1ccccc1,-2.511
FC(F)Cl,-1.494
FC(F)F,-1.233
FC(F)OC(Cl)C(F)(F)F,-1.616
FC(F)OC(F)(F)C(F)Cl,-1.516
FC1(F)C(F)(F)C(F)(F)C1(F)F,-3.638
Fc1cc(F)c(F)c(F)c1,-2.306
Fc1cc(F)c(F)cc1F,-2.376
Fc1ccc(CCl)cc1,-2.544
Fc1ccc(F)cc1,-1.971
Fc1ccc(I)cc1,-3.126
Fc1cccc(Br)c1,-2.666
Fc1cccc(CCl)c1,-2.544
Fc1cccc(F)c1,-2
Fc1ccccc1,-1.795
Fc1ccccc1Br,-2.695
Fc1ccccc1CCl,-2.541
Fc1ccccc1Cl,-2.416
Fc1ccccc1F,-2
ICCI,-3.216
ICI,-2.334
Ic1ccc(I)cc1,-5.372
Ic1cccc(I)c1,-4.518
Ic1ccccc1,-2.778
Ic1ccccc1I,-4.217
N#CCC#N,0.304
N#CCC(N)=O,0.189
N#CCCC#N,0.204
N#CCCCC#N,1.026
N#CCCCCC#N,-0.131
N#CCCN(CCO)c1ccc(N=Nc2ccc([N+](=O)[O-])cc2Cl)cc1,-6.13
N#CNC(=N)N,-0.309
N#Cc1c(Cl)c(Cl)c(Cl)c(C#N)c1Cl,-5.647
N#Cc1c(Cl)cccc1Cl,-3.98
N#Cc1cc(Br)c(O)c(Br)c1,-3.328
N#Cc1ccccc1,-1.712
N=C(N)NCCCC(N)C(=O)O,0.019
NC(=O)CCC(N)C(=O)O,-0.549
NC(=O)CCl,-0.017
NC(=O)CF,1.113
NC(=O)COC(=O)c1ccccc1,-1.641
NC(=O)NCc1ccccc1,-0.946
NC(=O)NO,1.119
NC(=O)OCC(Cl)(Cl)Cl,-1.284
NC(=O)c1c(Cl)cccc1Cl,-1.843
NC(=O)c1ccccc1,-0.953
NC(=O)c1ccccc1O,-1.823
NC(=O)c1cccnc1,0.612
NC(=O)c1cnccn1,-0.914
NC(=S)Nc1cccc2ccccc12,-2.528
NC(=S)Nc1ccccc1,-1.79
NC(=S)c1c(Cl)cccc1Cl,-2.336
NC(CC(=O)O)C(=O)O,-0.318
NC(CCC(=O)O)C(=O)O,-1.235
NC(Cc1c[nH]c2ccccc12)C(=O)O,-1.183
NC(Cc1ccc(O)c(O)c1)C(=O)O,-1.596
NC(Cc1ccc(O)cc1)C(=O)O,-2.578
NC(Cc1cnc[nH]1)C(=O)O,-0.532
NC(N)=O,0.958
NC(N)=S,0.271
NC1(C(=O)O)CCCC1,-0.412
NC1CCCCC1,1.004
NC=O,1.346
NCC(=O)NCC(=O)NCC(=O)O,-0.51
NCC(=O)O,0.521
NCC1CCC(C(=O)O)CC1,0.026
NCCC(=O)O,0.787
NCCCC(=O)O,1.101
NCCCCCC(=O)O,0.585
NCCCCCCN,0.935
NCCNCCNCCN,0.835
NCCNCCNCCNCCN,0.723
NCCNc1cccc2ccccc12,-1.969
NCCO,1.214
NCCS(=O)(=O)O,-0.191
NCCc1ccc(O)cc1,-1.12
NCc1ccccc1,0.97
NCc1ccco1,1.013
NNC(=O)c1ccncc1,0.009
NNc1ccccc1,0.07
NS(=O)(=O)c1cc(C(=O)O)c(NCc2ccco2)cc1Cl,-3.656
NS(=O)(=O)c1cc(C2(O)NC(=O)c3ccccc32)ccc1Cl,-3.451
NS(=O)(=O)c1cc2c(cc1C(F)(F)F)NC(Cc1ccccc1)NS2(=O)=O,-3.591
NS(=O)(=O)c1cc2c(cc1C(F)(F)F)NCNS2(=O)=O,-3.043
NS(=O)(=O)c1cc2c(cc1Cl)N=CNS2(=O)=O,-3.046
NS(=O)(=O)c1cc2c(cc1Cl)NC(C(Cl)Cl)NS2(=O)=O,-2.677
NS(=O)(=O)c1cc2c(cc1Cl)NCNS2(=O)=O,-2.615
NS(=O)(=O)c1cc2c(s1)S(=O)(=O)CCC2=O,-3.018
NS(=O)(=O)c1cc2c(s1)SCCC2=O,-3.552
NS(=O)(=O)c1ccc(S(=O)(=O)CCCO)c(F)c1,-1.654
NS(=O)(=O)c1ccc(S(=O)(=O)CCCO)cc1,-1.589
NS(=O)(=O)c1ccc(S(=O)(=O)CCO)c(F)c1,-1.934
NS(=O)(=O)c1ccc(S(=O)(=O)CCO)cc1,-1.604
NS(=O)(=O)c1ccc(SCCCCCO)cc1,-2.662
NS(=O)(=O)c1ccc(SCCCCO)c(F)c1,-2.446
NS(=O)(=O)c1ccc(SCCCO)c(F)c1,-2.47
NS(=O)(=O)c1ccc(SCCCO)c([N+](=O)[O-])c1,-3.466
NS(=O)(=O)c1ccc(SCCCO)cc1,-2.247
NS(=O)(=O)c1ccc(SCCO)c(F)c1,-1.622
NS(=O)(=O)c1ccc(SCCO)c([N+](=O)[O-])c1,-2.746
NS(=O)(=O)c1ccc(SCCO)cc1,-1.824
NS(=O)(=O)c1ccccc1,-1.563
Nc1c(Cl)c(Cl)nc(C(=O)O)c1Cl,-2.749
Nc1c(Cl)cc(Cl)cc1Cl,-3.691
Nc1c(Cl)cc([N+](=O)[O-])cc1Cl,-4.471
Nc1c([N+](=O)[O-])ccc(Oc2ccccc2)c1Cl,-5.025
Nc1cc(Cl)cc(C(=O)O)c1Cl,-2.469
Nc1cc(Cl)cc(Cl)c1,-2.315
Nc1cc(N2CCCCC2)nc(N)[n+]1[O-],-1.982
Nc1cc([N+](=O)[O-])cc([N+](=O)[O-])c1O,-2.153
Nc1cc([N+](=O)[O-])ccc1Br,-3.558
Nc1cc2c3ccccc3ccc2c2ccccc12,-6.196
Nc1ccc(-c2ccc(Cl)cc2)cc1,-4.639
Nc1ccc(-c2ccc(N)c(Cl)c2)cc1Cl,-4.912
Nc1ccc(-c2ccc(N)cc2)cc1,-2.758
Nc1ccc(C(=O)O)c(O)c1,-1.957
Nc1ccc(C(=O)O)cc1,-1.351
Nc1ccc(C(=O)Oc2ccccc2)c(O)c1,-4.515
Nc1ccc(Cc2ccc(N)cc2)cc1,-2.297
Nc1ccc(Cl)c(Cl)c1,-3.246
Nc1ccc(Cl)cc1,-1.515
Nc1ccc(Cl)cc1Cl,-2.417
Nc1ccc(N)c2c1C(=O)c1ccccc1C2=O,-5.859
Nc1ccc(N)cc1,-0.466
Nc1ccc(N=Nc2ccccc2)cc1,-3.181
Nc1ccc(O)cc1,-0.834
Nc1ccc(S(=O)(=O)Nc2ccnn2-c2ccccc2)cc1,-2.321
Nc1ccc(S(=O)(=O)Nc2cnc3ccccc3n2)cc1,-4.603
Nc1ccc(S(=O)(=O)Nc2nccs2)cc1,-2.425
Nc1ccc(S(=O)(=O)c2ccc(N)cc2)cc1,-2.815
Nc1ccc(S(=O)(=O)c2ccc(NCCO)cc2)cc1,-2.597
Nc1ccc(S(=O)(=O)c2cnc(N)s2)cc1,-2.805
Nc1ccc(S(N)(=O)=O)cc1,-1.361
Nc1ccc([N+](=O)[O-])cc1,-2.278
Nc1ccc2cc3ccccc3cc2c1,-5.172
Nc1ccc2ccccc2c1N=Nc1ccccc1,-5.916
Nc1cccc(C(=O)O)c1,-1.366
Nc1cccc(Cl)c1,-1.373
Nc1cccc(N)c1,0.343
Nc1cccc(O)c1,-0.607
Nc1cccc([N+](=O)[O-])c1,-2.061
Nc1cccc2c(N)cccc12,-2.619
Nc1cccc2cccc(N)c12,-2.27
Nc1cccc2ccccc12,-1.925
Nc1ccccc1,-0.413
Nc1ccccc1C(=O)O,-1.593
Nc1ccccc1Cl,-1.194
Nc1ccccc1N,-0.428
Nc1ccccc1O,-0.737
Nc1ccccc1[N+](=O)[O-],-1.973
Nc1cnn(-c2ccccc2)c(=O)c1Cl,-2.744
Nc1nc(=O)[nH]cc1F,-0.935
Nc1nc(N)nc(-c2ccccc2)n1,-2.494
Nc1nc(N)nc(NC2CC2)n1,-1.179
Nc1ncnc2c1ncn2C1(CO)OC(CO)C(O)C1O,-1.57
O=C(C(Cl)Cl)N(CCO)Cc1ccc(Oc2ccc([N+](=O)[O-])cc2)cc1,-5.124
O=C(C1CCCCC1)N1CC(=O)N2CCc3ccccc3C2C1,-2.893
O=C(C=CC=Cc1ccc2c(c1)OCO2)N1CCCCC1,-3.853
O=C(CCCN1CCC(O)(c2ccc(Cl)cc2)CC1)c1ccc(F)cc1,-4.429
O=C(CCCl)NCc1ccccc1,-3.296
O=C(CCc1ccc(O)cc1)c1c(O)cc(O)cc1OC1OC(CO)C(O)C(O)C1O,-2.64
O=C(CO)C(O)C(O)C(O)CO,0.301
O=C(Cn1ccnc1[N+](=O)[O-])NCc1ccccc1,-2.813
O=C(NC(=O)c1c(F)cccc1F)Nc1cc(Cl)c(F)c(Cl)c1F,-7.28
O=C(NC(=O)c1c(F)cccc1F)Nc1ccc(Cl)cc1,-6.015
O=C(NC(=O)c1ccccc1)c1ccccc1,-2.273
O=C(NC(CO)C(O)c1ccc([N+](=O)[O-])cc1)C(Cl)Cl,-2.111
O=C(NCN1CCOCC1)c1cnccn1,0.176
O=C(NN=Cc1ccccc1O)c1ccncc1,-3.683
O=C(Nc1ccc([N+](=O)[O-])cc1Cl)c1cc(Cl)ccc1O,-4.702
O=C(Nc1cccc(Cl)c1)OCC#CCCl,-4.37
O=C(Nc1ccccc1)c1ccccc1I,-4.208
O=C(Nc1ccccc1)c1ccccc1O,-3.589
O=C(O)C(Cl)(Cl)Cl,0.519
O=C(O)C(Cl)Cl,0.89
O=C(O)C(O)(c1ccccc1)c1ccccc1,-2.209
O=C(O)C(O)C(O)C(O)C(O)CO,0.207
O=C(O)C(O)c1ccccc1,0.075
O=C(O)C(c1ccccc1)c1ccccc1,-3.223
O=C(O)C1(O)c2ccccc2-c2ccc(Cl)cc21,-4.161
O=C(O)C1=CC(O)C(O)C(O)C1,-0.065
O=C(O)C1CCCCC1,-1.445
O=C(O)C1CCCN1,0.148
O=C(O)C=C(CC(=O)O)C(=O)O,0.458
O=C(O)C=CC=CC(=O)O,-2.852
O=C(O)C=Cc1c[nH]cn1,-1.964
O=C(O)C=Cc1ccccc1,-2.4245
O=C(O)C=Cc1ccco1,-1.839
O=C(O)CC(=O)O,0.865
O=C(O)CC(CC(=O)O)C(=O)O,0.275
O=C(O)CC(Cl)C(=O)O,0.077
O=C(O)CC(O)(CC(=O)O)C(=O)O,0.489
O=C(O)CC(O)C(=O)O,0.873
O=C(O)CCC(=O)O,-0.152
O=C(O)CCC(=O)OOC(=O)CCC(=O)O,-0.847
O=C(O)CCC(=O)c1ccc(-c2ccccc2)cc1,-5.061
O=C(O)CCCC(=O)O,1.083
O=C(O)CCCCC(=O)O,-0.676
O=C(O)CCCCC1SCC2NC(=O)NC21,-3.046
O=C(O)CCCCCC(=O)O,-0.506
O=C(O)CCCCCCC(=O)O,-1.169
O=C(O)CCCCCCCC(=O)O,-1.894
O=C(O)CCCCCCCCC(=O)O,-2.306
O=C(O)CCCCCCCCCCBr,-3.699
O=C(O)CCCCCCCCCCC(=O)O,-3.76
O=C(O)CCCCCCCCCCCC(=O)O,-2.212
O=C(O)CCCOc1ccc(Cl)cc1Cl,-3.672
O=C(O)CCI,-0.43
O=C(O)CCSCCC(=O)O,-0.68
O=C(O)CCc1ccccc1,-1.406
O=C(O)CCl,0.928
O=C(O)CNC(=O)c1ccccc1,-1.679
O=C(O)COc1c(Cl)cc(Cl)cc1Cl,-3.013
O=C(O)COc1c(Cl)ccc(Cl)c1Cl,-2.62
O=C(O)COc1cc(Cl)c(Cl)cc1Cl,-2.963
O=C(O)COc1ccc(Cl)c(Cl)c1,-2.685
O=C(O)COc1ccc(Cl)cc1,-2.29
O=C(O)COc1ccc(Cl)cc1Cl,-2.514
O=C(O)COc1cccc(Cl)c1Cl,-2.809
O=C(O)COc1ccccc1,-1.103
O=C(O)COc1ccccc1Cl,-2.164
O=C(O)COc1nc(Cl)c(Cl)cc1Cl,-2.766
O=C(O)CS,1.036
O=C(O)Cc1c(Cl)ccc(Cl)c1Cl,-3.078
O=C(O)Cc1c[nH]c2ccccc12,-2.067
O=C(O)Cc1cccc2ccccc12,-2.647
O=C(O)Cc1ccccc1,-0.914
O=C(O)c1c(Cl)ccc(Cl)c1Cl,-1.467
O=C(O)c1c(O)cccc1O,-1.207
O=C(O)c1c2ccccc2cc2ccccc12,-3.417
O=C(O)c1cc(-c2ccccc2)nc2ccccc12,-3.193
O=C(O)c1cc(C(=O)O)c(C(=O)O)cc1C(=O)O,-1.259
O=C(O)c1cc(Cl)cc(Cl)c1,-3.114
O=C(O)c1cc(Cl)ccc1[N+](=O)[O-],-1.319
O=C(O)c1cc(O)c(O)c(O)c1,-1.155
O=C(O)c1cc(O)cc(C(=O)O)c1,-2.482
O=C(O)c1cc(O)ccc1O,-1.489
O=C(O)c1cc(O)nc(O)n1,-1.933
O=C(O)c1cc([N+](=O)[O-])cc([N+](=O)[O-])c1,-2.196
O=C(O)c1ccc(Br)cc1,-3.525
O=C(O)c1ccc(C(=O)O)c(C(=O)O)c1,-1
O=C(O)c1ccc(C(=O)O)nc1,-2.13
O=C(O)c1ccc(Cl)c(Cl)c1,-3.495
O=C(O)c1ccc(Cl)cc1,-3.337
O=C(O)c1ccc(Cl)cc1Cl,-2.603
O=C(O)c1ccc(F)cc1,-2.067
O=C(O)c1ccc(O)c(O)c1,-0.928
O=C(O)c1ccc(O)c(O)c1O,-2.231
O=C(O)c1ccc(O)cc1,-1.441
O=C(O)c1ccc([N+](=O)[O-])c([N+](=O)[O-])c1,-1.501
O=C(O)c1ccc([N+](=O)[O-])cc1,-2.922
O=C(O)c1ccc([N+](=O)[O-])cc1[N+](=O)[O-],-1.067
O=C(O)c1ccc2ccccc2c1,-3.564
O=C(O)c1cccc(Br)c1,-2.699
O=C(O)c1cccc(C(=O)O)c1,-3.22
O=C(O)c1cccc(Cl)c1,-2.541
O=C(O)c1cccc(Cl)c1[N+](=O)[O-],-2.632
O=C(O)c1cccc(F)c1,-1.97
O=C(O)c1cccc(I)c1,-3.271
O=C(O)c1cccc(O)c1,-1.28
O=C(O)c1cccc([N+](=O)[O-])c1,-1.669
O=C(O)c1cccc([N+](=O)[O-])c1C(=O)O,-1.021
O=C(O)c1cccc([N+](=O)[O-])c1O,-2.149
O=C(O)c1ccccc1,-1.655
O=C(O)c1ccccc1-c1ccccc1C(=O)O,-2.284
O=C(O)c1ccccc1C(=O)Nc1cccc2ccccc12,-3.163
O=C(O)c1ccccc1C(=O)O,-1.375
O=C(O)c1ccccc1C(c1ccc(O)cc1)c1ccc(O)cc1,-3.263
O=C(O)c1ccccc1Cl,-1.875
O=C(O)c1ccccc1F,-1.289
O=C(O)c1ccccc1I,-2.731
O=C(O)c1ccccc1Nc1cccc(C(F)(F)F)c1,-3.3
O=C(O)c1ccccc1O,-1.79
O=C(O)c1ccccc1S(=O)(=O)O,0.393
O=C(O)c1ccccc1[N+](=O)[O-],-1.328
O=C(O)c1cccnc1,-0.835
O=C(O)c1cccnc1C(=O)O,-1.182
O=C(O)c1ccco1,-0.48
O=C(O)c1ccnc(C(=O)O)c1,-1.827
O=C(O)c1ccncc1,-1.374
O=C(O)c1ccncc1C(=O)O,-1.854
O=C(O)c1ccsc1,-1.474
O=C(O)c1cnc(O)nc1O,-1.938
O=C(O)c1nc(Cl)ccc1Cl,-2.283
O=C(O)c1nc[nH]c1C(=O)O,-2.494
O=C(OCCOCCO)c1ccccc1Nc1cccc(C(F)(F)F)c1,-5.363
O=C(OOC(=O)c1ccccc1)c1ccccc1,-4.425
O=C(Oc1ccccc1)c1ccccc1O,-3.155
O=C(c1ccc(O)c(O)c1)c1c(O)cc(O)cc1O,-1.72
O=C(c1ccccc1)C(O)c1ccccc1,-2.85
O=C(c1ccccc1)c1ccccc1,-3.124
O=C(c1ccccc1O)N1CCOCC1,-1.704
O=C1C(Cl)=C(Cl)C(=O)c2ccccc21,-4.382
O=C1C(Cl)=C(NC(=O)C(Cl)Cl)C(=O)c2ccccc21,-5.026
O=C1C2CC=CCC2C(=O)N1SC(Cl)(Cl)Cl,-4.77
O=C1C=CC(=O)C=C1,-0.989
O=C1CC2OCC=C3CN4CCC56c7ccccc7N1C5C2C3CC46,-3.32
O=C1CCC(=O)N1,0.296
O=C1CCC(C(=O)O)N1,0.567
O=C1CCCCC1,-0.594
O=C1CCCCCN1,0.834
O=C1CCCN1,1.07
O=C1CCCO1,1.065
O=C1CCO1,0.711
O=C1CNC(=O)N1,-0.402
O=C1NC(=O)C(c2ccccc2)(c2ccccc2)N1,-3.897
O=C1NC(=O)c2ccccc21,-2.611
O=C1NCCN1c1ncc([N+](=O)[O-])s1,-3.217
O=C1NS(=O)(=O)c2ccccc21,-1.661
O=C1Nc2ccc(Cl)cc2C(c2ccccc2Cl)=NC1O,-3.604
O=C1OC(=O)c2ccccc21,-1.378
O=C1OC(C(O)CO)C(O)=C1O,0.3165
O=C1OC(c2ccc(O)cc2)(c2ccc(O)cc2)c2ccccc21,-2.901
O=C1OCc2c(Cl)c(Cl)c(Cl)c(Cl)c21,-5.037
O=C1c2ccccc2C(=O)C1c1ccc2ccccc2n1,-6.209
O=C1c2ccccc2C(=O)c2c1ccc(O)c2O,-2.779
O=C1c2ccccc2C(=O)c2ccccc21,-5.188
O=CC(Cl)(Cl)Cl,-0.691
O=CC=Cc1ccccc1,-1.969
O=CNc1ccccc1,-0.678
O=CO,1.337
O=Cc1ccc(C=O)cc1,-2.827
O=Cc1ccc(O)c(O)c1,-0.441
O=Cc1ccc(O)c([N+](=O)[O-])c1,-2.949
O=Cc1ccc(O)cc1,-0.976
O=Cc1ccc([N+](=O)[O-])cc1,-1.81
O=Cc1ccc2c(c1)OCO2,-1.632
O=Cc1cccc(O)c1,-0.647
O=Cc1cccc([N+](=O)[O-])c1,-1.967
O=Cc1ccccc1,-1.208
O=Cc1ccccc1[N+](=O)[O-],-1.814
O=Cc1ccco1,-0.096
O=NCc1ccc([N+](=O)[O-])o1,-2.193
O=NN(CCCl)C(=O)NCCCl,-1.728
O=NN(c1ccccc1)c1ccccc1,-3.753
O=NN1CCCC1,0.999
O=NN1CCCCC1,-0.174
O=NN1CCCCCC1,-1.001
O=NN1CCOCC1,0.935
O=Nc1c(O)ccc2ccccc12,-2.238
O=Nc1ccc2ccccc2c1O,-2.54
O=P(OC(CCl)CCl)(OC(CCl)CCl)OC(CCl)CCl,-4.789
O=P(Oc1ccccc1)(Oc1ccccc1)Oc1ccccc1,-5.235
O=P1(N(CCCl)CCCl)NCCCO1,-0.815
O=S(=O)(O)CS(=O)(=O)O,0.754
O=S(=O)(O)OCCOc1ccc(Cl)cc1Cl,-0.06
O=S(=O)(O)c1cc(I)c(O)c2ncccc12,-2.244
O=S1(=O)OC(c2ccc(O)cc2)(c2ccc(O)cc2)c2ccccc21,-2.663
O=S1OCC2C(CO1)C1(Cl)C(Cl)=C(Cl)C2(Cl)C1(Cl)Cl,-5.902
O=[N+]([O-])C(Br)(CO)CO,0.097
O=[N+]([O-])C(CO)(CO)CO,0.821
O=[N+]([O-])C(Cl)(Cl)Cl,-2.006
O=[N+]([O-])CCO,1.041
O=[N+]([O-])N1CN([N+](=O)[O-])CN([N+](=O)[O-])C1,-3.571
O=[N+]([O-])OC1COC2C(O[N+](=O)[O-])COC12,-2.633
O=[N+]([O-])OCC(CO[N+](=O)[O-])O[N+](=O)[O-],-2.216
O=[N+]([O-])OCCO[N+](=O)[O-],-1.35
O=[N+]([O-])c1c(Cl)c(Cl)c(Cl)c(Cl)c1Cl,-5.817
O=[N+]([O-])c1c(Cl)c(Cl)cc(Cl)c1Cl,-5.096
O=[N+]([O-])c1c(Cl)cc(Cl)cc1Cl,-4.559
O=[N+]([O-])c1c(O)ccc2ccccc12,-2.976
O=[N+]([O-])c1c(O)cccc1O,-2.073
O=[N+]([O-])c1c2ccccc2cc2ccccc12,-6.292
O=[N+]([O-])c1cc(-c2ccccc2)ccc1O,-4.41
O=[N+]([O-])c1cc(C(F)(F)F)ccc1O,-2.503
O=[N+]([O-])c1cc(C2CCCCC2)c(O)c([N+](=O)[O-])c1,-4.249
O=[N+]([O-])c1cc(Cl)c(Cl)c(Cl)c1Cl,-4.553
O=[N+]([O-])c1cc(Cl)c(Cl)cc1Cl,-3.887
O=[N+]([O-])c1cc(Cl)ccc1Cl,-4.137
O=[N+]([O-])c1cc(O)cc([N+](=O)[O-])c1,-1.663
O=[N+]([O-])c1cc(S(=O)(=O)Nc2ccccc2)ccc1Nc1ccccc1,-6.269
O=[N+]([O-])c1cc([N+](=O)[O-])c(Cl)c([N+](=O)[O-])c1,-2.669
O=[N+]([O-])c1cc([N+](=O)[O-])c(O)c([N+](=O)[O-])c1,-1.256
O=[N+]([O-])c1cc([N+](=O)[O-])c(O)c([N+](=O)[O-])c1O,-1.662
O=[N+]([O-])c1cc([N+](=O)[O-])cc([N+](=O)[O-])c1,-2.885
O=[N+]([O-])c1ccc(Cl)c(Cl)c1,-3.201
O=[N+]([O-])c1ccc(Cl)c(Cl)c1Cl,-3.94
O=[N+]([O-])c1ccc(Cl)cc1,-2.845
O=[N+]([O-])c1ccc(F)cc1O,-2.05
O=[N+]([O-])c1ccc(Nc2ccccc2)c([N+](=O)[O-])c1,-3.834
O=[N+]([O-])c1ccc(O)c([N+](=O)[O-])c1,-1.819
O=[N+]([O-])c1ccc(O)cc1,-1.079
O=[N+]([O-])c1ccc(Oc2c(Cl)cc(Cl)cc2Cl)cc1,-5.62
O=[N+]([O-])c1ccc(Oc2ccc(C(F)(F)F)cc2[N+](=O)[O-])cc1,-5.215
O=[N+]([O-])c1ccc(Oc2ccc(Cl)cc2Cl)cc1,-5.453
O=[N+]([O-])c1ccc([N+](=O)[O-])c(O)c1,-2.68
O=[N+]([O-])c1ccc([N+](=O)[O-])cc1,-3.387
O=[N+]([O-])c1ccc2c(c1)Cc1ccccc1-2,-5.99
O=[N+]([O-])c1ccc2ccccc2c1,-4.273
O=[N+]([O-])c1cccc(Cl)c1,-2.761
O=[N+]([O-])c1cccc(O)c1,-1.013
O=[N+]([O-])c1cccc([N+](=O)[O-])c1,-2.499
O=[N+]([O-])c1cccc([N+](=O)[O-])c1O,-1.55
O=[N+]([O-])c1cccc2ccccc12,-4.276
O=[N+]([O-])c1ccccc1,-1.77
O=[N+]([O-])c1ccccc1Cl,-2.896
O=[N+]([O-])c1ccccc1O,-1.745
O=[N+]([O-])c1ccccc1[N+](=O)[O-],-3.102
O=c1[nH]cc(F)c(=O)[nH]1,-1.069
O=c1[nH]cnc2nc[nH]c12,-2.289
O=c1c(O)c(-c2ccc(O)cc2O)oc2cc(O)cc(O)c12,-3.082
O=c1cc(O)cc[nH]1,-1.25
O=c1cc[nH]c(=O)[nH]1,-1.493
O=c1cc[nH]c2ccccc12,-1.481
O=c1ccc(=O)[nH][nH]1,-1.271
O=c1ccc2ccccc2[nH]1,-2.139
O=c1ccc2ccccc2o1,-1.886
O=c1oc2ccccc2c(O)c1C1CCCc2ccccc21,-4.864
OC(CCl)CCl,-0.115
OC(CI)CI,-1.397
OC(Cn1cncn1)(c1ccc(F)cc1)c1ccccc1F,-3.365
OC(c1ccc(Cl)cc1)(c1ccc(Cl)cc1)C(Cl)(Cl)Cl,-5.448
OC(c1ccc(Cl)cc1)(c1cncnc1)c1ccccc1Cl,-4.383
OC(c1ccc(F)cc1)(c1cncnc1)c1ccccc1Cl,-4.083
OC(c1ccccc1)c1ccccc1,-2.549
OC1C(O)C(O)C(O)C(O)C1O,-0.1
OC1CC(O)C(O)C(O)C1O,-0.174
OC1CCCCC1,-0.377
OCC(CO)(CBr)CBr,-0.838
OCC(CO)(CO)CO,-0.275
OCC(Cl)(Cl)Cl,-0.254
OCC(F)(F)F,1
OCC(O)C(O)C(O)CO,0.625
OCC(O)C(O)CO,0.699
OCC(O)C1OC2OC(C(Cl)(Cl)Cl)OC2C1O,-1.843
OCC(O)CO,1.036
OCC(O)COc1ccc(Cl)cc1,-1.307
OCC(S)CS,-0.155
OCC1CO1,1.13
OCC1OC(OC2(CO)OC(CO)C(O)C2O)C(O)C(O)C1O,0.788
OCC1OC(n2cnc3c(O)ncnc32)C(O)C1O,-1.23
OCCBr,0.903
OCCCBr,0.009
OCCCCl,0.422
OCCCc1ccccc1,-1.38
OCCCl,1.094
OCCF,1.193
OCCN(CCO)c1ccccc1,-0.735
OCCN1CCN(CCCN2c3ccccc3Sc3ccc(C(F)(F)F)cc32)CC1,-4.149
OCCN1CCN(CCCN2c3ccccc3Sc3ccc(Cl)cc32)CC1,-4.155
OCCNCCO,0.978
OCCO,1.207
OCCOc1ccccc1,-0.714
OCCc1ccccc1,-0.741
OCc1c(Cl)cccc1Cl,-2.102
OCc1cccc2ccccc12,-1.744
OCc1ccccc1,-0.432
OCc1ccccc1O,-0.295
OCc1cccnc1,0.962
OCc1ccco1,1.008
ONc1ccccc1,-0.737
Oc1c(Br)cc(Br)cc1Br,-3.674
Oc1c(Cl)c(Cl)c(Cl)c(Cl)c1Cl,-4.279
Oc1c(Cl)cc(Cl)c(Cl)c1Cl,-4.004
Oc1c(Cl)cc(Cl)cc1Cl,-2.392
Oc1c(Cl)ccc(Cl)c1Cl,-2.642
Oc1c(Cl)cccc1Cl,-1.933
Oc1c2ccccc2cc2ccccc12,-4.733
Oc1cc(Cl)c(Cl)cc1Cl,-2.216
Oc1cc(Cl)cc(Cl)c1,-1.559
Oc1cc(Cl)ccc1Cl,-1.911
Oc1cc(Cl)ccc1Oc1ccc(Cl)cc1Cl,-4.462
Oc1cc(O)c2ccccc2c1,-1.949
Oc1cc(O)cc(O)c1,-1.075
Oc1cc2ccccc2cc1O,-2.738
Oc1ccc(-c2ccccc2)cc1,-3.481
Oc1ccc(Br)cc1,-1.092
Oc1ccc(Br)cc1Br,-2.123
Oc1ccc(Cl)cc1,-0.729
Oc1ccc(Cl)cc1Cc1cc(Cl)ccc1O,-3.953
Oc1ccc(Cl)cc1Cc1ccccc1,-3.167
Oc1ccc(Cl)cc1Cl,-1.559
Oc1ccc(N=Nc2ccccc2)cc1,-3.343
Oc1ccc(O)cc1,-0.184
Oc1ccc2c(c1)CCCC2,-1.995
Oc1ccc2cc(O)ccc2c1,-2.205
Oc1ccc2ccccc2c1,-2.281
Oc1ccc2ncccc2c1,-2.162
Oc1cccc(Br)c1,-0.876
Oc1cccc(Cl)c1,-0.694
Oc1cccc(Cl)c1Cl,-1.656
Oc1cccc(O)c1,0.814
Oc1cccc(O)c1O,0.604
Oc1cccc2c(O)cccc12,-2.987
Oc1cccc2ccccc12,-2.221
Oc1cccc2cccnc12,-2.417
Oc1ccccc1,-0.056
Oc1ccccc1-c1ccccc1,-2.386
Oc1ccccc1Cl,-1.056
Oc1ccccc1O,0.622
Oc1cccnc1,-0.456
Oc1nc(O)c2nccnc2n1,-2.118
Oc1ncnc2[nH]ncc12,-2.379
S=C1NCCN1,-0.708
S=C=NCc1ccccc1,-3.136
S=C=Nc1cccc(Br)c1,-4.085
S=C=Nc1cccc2ccccc12,-4.602
S=C=S,-1.81
Sc1ccccc1,-2.12
Sc1nc2ccccc2s1,-3.182
c1cc(-c2ccncc2)ccn1,-1.538
c1cc2c3c(c1)ccc1cccc(c13)C2,-5.238
c1cc2c3c(c4ccc5ccccc5c4cc3c1)CC2,-7.861
c1cc2c3c(ccc4c3c1CCC4)CCC2,-5.959
c1cc2c3c(cccc3c1)CC2,-4.597
c1cc2ccc3ccc4ccc5cccc6c(c1)c2c3c4c56,-9.026
c1cc2ccc3cccc4ccc(c1)c2c34,-6.176
c1cc2cccc3c4cccc5cccc(c(c1)c23)c54,-8.8
c1cc[nH]c1,-0.173
c1ccc(-c2ccc(-c3ccccc3)cc2)cc1,-7.107
c1ccc(-c2cccc(-c3ccccc3)c2)cc1,-5.183
c1ccc(-c2ccccc2)cc1,-4.347
c1ccc(-c2ccccc2-c2ccccc2)cc1,-5.269
c1ccc(-c2ccccn2)nc1,-1.421
c1ccc(C2CO2)cc1,-1.603
c1ccc(CCc2ccccc2)cc1,-4.627
c1ccc(COCc2ccccc2)cc1,-3.695
c1ccc(Cc2ccccc2)cc1,-4.077
c1ccc(N=Nc2ccccc2)cc1,-4.454
c1ccc(Nc2cccc3ccccc23)cc1,-3.563
c1ccc(Nc2ccccc2)cc1,-3.504
c1ccc(OCC2CO2)cc1,-1.796
c1ccc(Oc2ccccc2)cc1,-3.976
c1ccc2[nH]ccc2c1,-1.517
c1ccc2[nH]ncc2c1,-2.155
c1ccc2[nH]nnc2c1,-0.779
c1ccc2c(c1)-c1cccc3c1c-2cc1ccccc13,-8.226
c1ccc2c(c1)-c1cccc3cccc-2c13,-5.891
c1ccc2c(c1)CCC2,-3.035
c1ccc2c(c1)CCCC2,-3.452
c1ccc2c(c1)Cc1c-2ccc2ccccc12,-6.678
c1ccc2c(c1)Cc1cc3ccccc3cc1-2,-8.034
c1ccc2c(c1)Cc1ccccc1-2,-4.944
c1ccc2c(c1)Nc1ccccc1S2,-5.098
c1ccc2c(c1)OCCOCCOc1ccccc1OCCOCCO2,-4.693
c1ccc2c(c1)Oc1ccccc1O2,-5.311
c1ccc2c(c1)[nH]c1ccccc12,-4.968
c1ccc2c(c1)c1cccc3ccc4cccc2c4c31,-7.844
c1ccc2c(c1)c1ccccc1c1ccccc21,-6.745
c1ccc2c(c1)cc1ccc3cccc4ccc2c1c34,-8.192
c1ccc2c(c1)ccc1c3ccccc3ccc21,-8.057
c1ccc2c(c1)ccc1cc3c(ccc4ccccc43)cc12,-8.048
c1ccc2c(c1)ccc1cc3ccc4ccccc4c3cc12,-8.432
c1ccc2c(c1)ccc1ccccc12,-5.19
c1ccc2c(c1)ccc1ncccc12,-3.357
c1ccc2c(c1)cnc1ccccc12,-2.776
c1ccc2c(c1)oc1ccccc12,-4.734
c1ccc2c(c1)sc1ccccc12,-5.098
c1ccc2c3c(ccc2c1)-c1cccc2cccc-3c12,-8.004
c1ccc2cc3c(cc2c1)-c1cccc2cccc-3c12,-8.499
c1ccc2cc3c(ccc4ccccc43)cc2c1,-7.385
c1ccc2cc3c4ccccc4c4ccccc4c3cc2c1,-8.24
c1ccc2cc3cc4ccccc4cc3cc2c1,-8.18
c1ccc2cc3ccccc3cc2c1,-6.614
c1ccc2ccccc2c1,-3.616
c1ccc2cnccc2c1,-1.456
c1ccc2cnncc2c1,-0.415
c1ccc2nc(-c3ccc4ccccc4n3)ccc2c1,-5.4
c1ccc2nc3ccccc3cc2c1,-3.669
c1ccc2ncccc2c1,-1.325
c1ccc2ocnc2c1,-1.155
c1ccc2sccc2c1,-3.014
c1ccc2scnc2c1,-1.497
c1ccccc1,-1.64
c1ccncc1,1.102
c1ccnnc1,1.096
c1ccoc1,-0.833
c1ccsc1,-1.446
c1cnc2c(c1)ccc1cccnc12,-1.826
c1cnc2ncncc2n1,0.034
c1cncc(C2CCCCN2)c1,0.79
c1cncnc1,1.096