Category,R2,RMSE,Top Features
Structural Features,0.4418,1.7624,"NumHeteroatoms (0.3544), NumAromaticRings (0.3107), Chi4v (0.2220), Chi3v (0.2166), Chi1v (0.2040)"
Electronic Properties,0.4292,1.7822,"EState_VSA6 (0.3019), MinEStateIndex (0.1730), VSA_EState9 (0.1667), qed (0.1650), EState_VSA7 (0.1645)"
Hydrophobicity/Hydrophilicity,-0.0096,2.3702,MolLogP (0.2400)
Molecular Size and Shape,0.435,1.7732,"PEOE_VSA4 (0.7578), FpDensityMorgan1 (0.1163), PEOE_VSA3 (0.0912), ExactMolWt (0.0774), MolWt (0.0751)"
