,Total_Influence
VSA_EState3,0.5203330113900966
SMR_VSA5,0.5037966575436787
Chi4n,0.5012002323964992
NumAtomStereoCenters,0.5005815844242024
SMR_VSA3,0.49897706368900313
fr_barbitur,0.49897706368900313
VSA_EState9,0.4950423099342482
NumUnspecifiedAtomStereoCenters,0.48980418233641015
SlogP_VSA1,0.4807128706314029
VSA_EState5,0.47755972791743184
NumAliphaticRings,0.4527293645083622
fr_guanido,0.4443626100043018
NumRotatableBonds,0.43535727258685697
VSA_EState2,0.4326742022886286
Chi1n,0.42397671772568
NOCount,0.4150740356304313
SlogP_VSA10,0.41163707580273257
fr_Imine,0.40716499102620396
PEOE_VSA3,0.4022020854209837
PEOE_VSA2,0.3925320799819315
HallKierAlpha,0.39250369648195554
PEOE_VSA10,0.38845379462831214
NumHeteroatoms,0.3825899801914419
Chi3v,0.38230659585901494
NumRadicalElectrons,0.3790111510428191
VSA_EState10,0.3788614902846555
PEOE_VSA6,0.37423800882248764
Chi1v,0.37216557704865433
PEOE_VSA12,0.37200293383100436
SlogP_VSA8,0.3663162629901058
